
Stop_Watch.elf:     file format elf32-avr

Sections:
Idx Name          Size      VMA       LMA       File off  Algn
  0 .text         000019c4  00000000  00000000  00000094  2**1
                  CONTENTS, ALLOC, LOAD, READONLY, CODE
  1 .data         00000008  00800060  000019c4  00001a58  2**0
                  CONTENTS, ALLOC, LOAD, DATA
  2 .bss          0000000e  00800068  00800068  00001a60  2**0
                  ALLOC
  3 .stab         00001134  00000000  00000000  00001a60  2**2
                  CONTENTS, READONLY, DEBUGGING
  4 .stabstr      00000928  00000000  00000000  00002b94  2**0
                  CONTENTS, READONLY, DEBUGGING
  5 .debug_aranges 00000140  00000000  00000000  000034bc  2**0
                  CONTENTS, READONLY, DEBUGGING
  6 .debug_pubnames 00000170  00000000  00000000  000035fc  2**0
                  CONTENTS, READONLY, DEBUGGING
  7 .debug_info   00001c49  00000000  00000000  0000376c  2**0
                  CONTENTS, READONLY, DEBUGGING
  8 .debug_abbrev 00000eeb  00000000  00000000  000053b5  2**0
                  CONTENTS, READONLY, DEBUGGING
  9 .debug_line   00000dad  00000000  00000000  000062a0  2**0
                  CONTENTS, READONLY, DEBUGGING
 10 .debug_frame  00000160  00000000  00000000  00007050  2**2
                  CONTENTS, READONLY, DEBUGGING
 11 .debug_str    0000028d  00000000  00000000  000071b0  2**0
                  CONTENTS, READONLY, DEBUGGING
 12 .debug_loc    000007ce  00000000  00000000  0000743d  2**0
                  CONTENTS, READONLY, DEBUGGING
 13 .debug_ranges 00000050  00000000  00000000  00007c0b  2**0
                  CONTENTS, READONLY, DEBUGGING

Disassembly of section .text:

00000000 <__vectors>:
       0:	0c 94 2a 00 	jmp	0x54	; 0x54 <__ctors_end>
       4:	0c 94 25 0c 	jmp	0x184a	; 0x184a <__vector_1>
       8:	0c 94 41 0c 	jmp	0x1882	; 0x1882 <__vector_2>
       c:	0c 94 56 0c 	jmp	0x18ac	; 0x18ac <__vector_3>
      10:	0c 94 47 00 	jmp	0x8e	; 0x8e <__bad_interrupt>
      14:	0c 94 47 00 	jmp	0x8e	; 0x8e <__bad_interrupt>
      18:	0c 94 47 00 	jmp	0x8e	; 0x8e <__bad_interrupt>
      1c:	0c 94 d2 0b 	jmp	0x17a4	; 0x17a4 <__vector_7>
      20:	0c 94 47 00 	jmp	0x8e	; 0x8e <__bad_interrupt>
      24:	0c 94 47 00 	jmp	0x8e	; 0x8e <__bad_interrupt>
      28:	0c 94 47 00 	jmp	0x8e	; 0x8e <__bad_interrupt>
      2c:	0c 94 47 00 	jmp	0x8e	; 0x8e <__bad_interrupt>
      30:	0c 94 47 00 	jmp	0x8e	; 0x8e <__bad_interrupt>
      34:	0c 94 47 00 	jmp	0x8e	; 0x8e <__bad_interrupt>
      38:	0c 94 47 00 	jmp	0x8e	; 0x8e <__bad_interrupt>
      3c:	0c 94 47 00 	jmp	0x8e	; 0x8e <__bad_interrupt>
      40:	0c 94 47 00 	jmp	0x8e	; 0x8e <__bad_interrupt>
      44:	0c 94 47 00 	jmp	0x8e	; 0x8e <__bad_interrupt>
      48:	0c 94 47 00 	jmp	0x8e	; 0x8e <__bad_interrupt>
      4c:	0c 94 47 00 	jmp	0x8e	; 0x8e <__bad_interrupt>
      50:	0c 94 47 00 	jmp	0x8e	; 0x8e <__bad_interrupt>

00000054 <__ctors_end>:
      54:	11 24       	eor	r1, r1
      56:	1f be       	out	0x3f, r1	; 63
      58:	cf e5       	ldi	r28, 0x5F	; 95
      5a:	d8 e0       	ldi	r29, 0x08	; 8
      5c:	de bf       	out	0x3e, r29	; 62
      5e:	cd bf       	out	0x3d, r28	; 61

00000060 <__do_clear_bss>:
      60:	10 e0       	ldi	r17, 0x00	; 0
      62:	a8 e6       	ldi	r26, 0x68	; 104
      64:	b0 e0       	ldi	r27, 0x00	; 0
      66:	01 c0       	rjmp	.+2      	; 0x6a <.do_clear_bss_start>

00000068 <.do_clear_bss_loop>:
      68:	1d 92       	st	X+, r1

0000006a <.do_clear_bss_start>:
      6a:	a6 37       	cpi	r26, 0x76	; 118
      6c:	b1 07       	cpc	r27, r17
      6e:	e1 f7       	brne	.-8      	; 0x68 <.do_clear_bss_loop>

00000070 <__do_copy_data>:
      70:	10 e0       	ldi	r17, 0x00	; 0
      72:	a0 e6       	ldi	r26, 0x60	; 96
      74:	b0 e0       	ldi	r27, 0x00	; 0
      76:	e4 ec       	ldi	r30, 0xC4	; 196
      78:	f9 e1       	ldi	r31, 0x19	; 25
      7a:	02 c0       	rjmp	.+4      	; 0x80 <.do_copy_data_start>

0000007c <.do_copy_data_loop>:
      7c:	05 90       	lpm	r0, Z+
      7e:	0d 92       	st	X+, r0

00000080 <.do_copy_data_start>:
      80:	a8 36       	cpi	r26, 0x68	; 104
      82:	b1 07       	cpc	r27, r17
      84:	d9 f7       	brne	.-10     	; 0x7c <.do_copy_data_loop>
      86:	0e 94 68 0c 	call	0x18d0	; 0x18d0 <main>
      8a:	0c 94 e0 0c 	jmp	0x19c0	; 0x19c0 <_exit>

0000008e <__bad_interrupt>:
      8e:	0c 94 00 00 	jmp	0	; 0x0 <__vectors>

00000092 <__fixunssfsi>:
      92:	ef 92       	push	r14
      94:	ff 92       	push	r15
      96:	0f 93       	push	r16
      98:	1f 93       	push	r17
      9a:	7b 01       	movw	r14, r22
      9c:	8c 01       	movw	r16, r24
      9e:	20 e0       	ldi	r18, 0x00	; 0
      a0:	30 e0       	ldi	r19, 0x00	; 0
      a2:	40 e0       	ldi	r20, 0x00	; 0
      a4:	5f e4       	ldi	r21, 0x4F	; 79
      a6:	0e 94 49 03 	call	0x692	; 0x692 <__gesf2>
      aa:	88 23       	and	r24, r24
      ac:	8c f0       	brlt	.+34     	; 0xd0 <__fixunssfsi+0x3e>
      ae:	c8 01       	movw	r24, r16
      b0:	b7 01       	movw	r22, r14
      b2:	20 e0       	ldi	r18, 0x00	; 0
      b4:	30 e0       	ldi	r19, 0x00	; 0
      b6:	40 e0       	ldi	r20, 0x00	; 0
      b8:	5f e4       	ldi	r21, 0x4F	; 79
      ba:	0e 94 c1 01 	call	0x382	; 0x382 <__subsf3>
      be:	0e 94 a9 03 	call	0x752	; 0x752 <__fixsfsi>
      c2:	9b 01       	movw	r18, r22
      c4:	ac 01       	movw	r20, r24
      c6:	20 50       	subi	r18, 0x00	; 0
      c8:	30 40       	sbci	r19, 0x00	; 0
      ca:	40 40       	sbci	r20, 0x00	; 0
      cc:	50 48       	sbci	r21, 0x80	; 128
      ce:	06 c0       	rjmp	.+12     	; 0xdc <__fixunssfsi+0x4a>
      d0:	c8 01       	movw	r24, r16
      d2:	b7 01       	movw	r22, r14
      d4:	0e 94 a9 03 	call	0x752	; 0x752 <__fixsfsi>
      d8:	9b 01       	movw	r18, r22
      da:	ac 01       	movw	r20, r24
      dc:	b9 01       	movw	r22, r18
      de:	ca 01       	movw	r24, r20
      e0:	1f 91       	pop	r17
      e2:	0f 91       	pop	r16
      e4:	ff 90       	pop	r15
      e6:	ef 90       	pop	r14
      e8:	08 95       	ret

000000ea <_fpadd_parts>:
      ea:	a0 e0       	ldi	r26, 0x00	; 0
      ec:	b0 e0       	ldi	r27, 0x00	; 0
      ee:	eb e7       	ldi	r30, 0x7B	; 123
      f0:	f0 e0       	ldi	r31, 0x00	; 0
      f2:	0c 94 a9 0c 	jmp	0x1952	; 0x1952 <__prologue_saves__>
      f6:	dc 01       	movw	r26, r24
      f8:	2b 01       	movw	r4, r22
      fa:	fa 01       	movw	r30, r20
      fc:	9c 91       	ld	r25, X
      fe:	92 30       	cpi	r25, 0x02	; 2
     100:	08 f4       	brcc	.+2      	; 0x104 <_fpadd_parts+0x1a>
     102:	39 c1       	rjmp	.+626    	; 0x376 <_fpadd_parts+0x28c>
     104:	eb 01       	movw	r28, r22
     106:	88 81       	ld	r24, Y
     108:	82 30       	cpi	r24, 0x02	; 2
     10a:	08 f4       	brcc	.+2      	; 0x10e <_fpadd_parts+0x24>
     10c:	33 c1       	rjmp	.+614    	; 0x374 <_fpadd_parts+0x28a>
     10e:	94 30       	cpi	r25, 0x04	; 4
     110:	69 f4       	brne	.+26     	; 0x12c <_fpadd_parts+0x42>
     112:	84 30       	cpi	r24, 0x04	; 4
     114:	09 f0       	breq	.+2      	; 0x118 <_fpadd_parts+0x2e>
     116:	2f c1       	rjmp	.+606    	; 0x376 <_fpadd_parts+0x28c>
     118:	11 96       	adiw	r26, 0x01	; 1
     11a:	9c 91       	ld	r25, X
     11c:	11 97       	sbiw	r26, 0x01	; 1
     11e:	89 81       	ldd	r24, Y+1	; 0x01
     120:	98 17       	cp	r25, r24
     122:	09 f4       	brne	.+2      	; 0x126 <_fpadd_parts+0x3c>
     124:	28 c1       	rjmp	.+592    	; 0x376 <_fpadd_parts+0x28c>
     126:	a0 e6       	ldi	r26, 0x60	; 96
     128:	b0 e0       	ldi	r27, 0x00	; 0
     12a:	25 c1       	rjmp	.+586    	; 0x376 <_fpadd_parts+0x28c>
     12c:	84 30       	cpi	r24, 0x04	; 4
     12e:	09 f4       	brne	.+2      	; 0x132 <_fpadd_parts+0x48>
     130:	21 c1       	rjmp	.+578    	; 0x374 <_fpadd_parts+0x28a>
     132:	82 30       	cpi	r24, 0x02	; 2
     134:	a9 f4       	brne	.+42     	; 0x160 <_fpadd_parts+0x76>
     136:	92 30       	cpi	r25, 0x02	; 2
     138:	09 f0       	breq	.+2      	; 0x13c <_fpadd_parts+0x52>
     13a:	1d c1       	rjmp	.+570    	; 0x376 <_fpadd_parts+0x28c>
     13c:	9a 01       	movw	r18, r20
     13e:	ad 01       	movw	r20, r26
     140:	88 e0       	ldi	r24, 0x08	; 8
     142:	ea 01       	movw	r28, r20
     144:	09 90       	ld	r0, Y+
     146:	ae 01       	movw	r20, r28
     148:	e9 01       	movw	r28, r18
     14a:	09 92       	st	Y+, r0
     14c:	9e 01       	movw	r18, r28
     14e:	81 50       	subi	r24, 0x01	; 1
     150:	c1 f7       	brne	.-16     	; 0x142 <_fpadd_parts+0x58>
     152:	e2 01       	movw	r28, r4
     154:	89 81       	ldd	r24, Y+1	; 0x01
     156:	11 96       	adiw	r26, 0x01	; 1
     158:	9c 91       	ld	r25, X
     15a:	89 23       	and	r24, r25
     15c:	81 83       	std	Z+1, r24	; 0x01
     15e:	08 c1       	rjmp	.+528    	; 0x370 <_fpadd_parts+0x286>
     160:	92 30       	cpi	r25, 0x02	; 2
     162:	09 f4       	brne	.+2      	; 0x166 <_fpadd_parts+0x7c>
     164:	07 c1       	rjmp	.+526    	; 0x374 <_fpadd_parts+0x28a>
     166:	12 96       	adiw	r26, 0x02	; 2
     168:	2d 90       	ld	r2, X+
     16a:	3c 90       	ld	r3, X
     16c:	13 97       	sbiw	r26, 0x03	; 3
     16e:	eb 01       	movw	r28, r22
     170:	8a 81       	ldd	r24, Y+2	; 0x02
     172:	9b 81       	ldd	r25, Y+3	; 0x03
     174:	14 96       	adiw	r26, 0x04	; 4
     176:	ad 90       	ld	r10, X+
     178:	bd 90       	ld	r11, X+
     17a:	cd 90       	ld	r12, X+
     17c:	dc 90       	ld	r13, X
     17e:	17 97       	sbiw	r26, 0x07	; 7
     180:	ec 80       	ldd	r14, Y+4	; 0x04
     182:	fd 80       	ldd	r15, Y+5	; 0x05
     184:	0e 81       	ldd	r16, Y+6	; 0x06
     186:	1f 81       	ldd	r17, Y+7	; 0x07
     188:	91 01       	movw	r18, r2
     18a:	28 1b       	sub	r18, r24
     18c:	39 0b       	sbc	r19, r25
     18e:	b9 01       	movw	r22, r18
     190:	37 ff       	sbrs	r19, 7
     192:	04 c0       	rjmp	.+8      	; 0x19c <_fpadd_parts+0xb2>
     194:	66 27       	eor	r22, r22
     196:	77 27       	eor	r23, r23
     198:	62 1b       	sub	r22, r18
     19a:	73 0b       	sbc	r23, r19
     19c:	60 32       	cpi	r22, 0x20	; 32
     19e:	71 05       	cpc	r23, r1
     1a0:	0c f0       	brlt	.+2      	; 0x1a4 <_fpadd_parts+0xba>
     1a2:	61 c0       	rjmp	.+194    	; 0x266 <_fpadd_parts+0x17c>
     1a4:	12 16       	cp	r1, r18
     1a6:	13 06       	cpc	r1, r19
     1a8:	6c f5       	brge	.+90     	; 0x204 <_fpadd_parts+0x11a>
     1aa:	37 01       	movw	r6, r14
     1ac:	48 01       	movw	r8, r16
     1ae:	06 2e       	mov	r0, r22
     1b0:	04 c0       	rjmp	.+8      	; 0x1ba <_fpadd_parts+0xd0>
     1b2:	96 94       	lsr	r9
     1b4:	87 94       	ror	r8
     1b6:	77 94       	ror	r7
     1b8:	67 94       	ror	r6
     1ba:	0a 94       	dec	r0
     1bc:	d2 f7       	brpl	.-12     	; 0x1b2 <_fpadd_parts+0xc8>
     1be:	21 e0       	ldi	r18, 0x01	; 1
     1c0:	30 e0       	ldi	r19, 0x00	; 0
     1c2:	40 e0       	ldi	r20, 0x00	; 0
     1c4:	50 e0       	ldi	r21, 0x00	; 0
     1c6:	04 c0       	rjmp	.+8      	; 0x1d0 <_fpadd_parts+0xe6>
     1c8:	22 0f       	add	r18, r18
     1ca:	33 1f       	adc	r19, r19
     1cc:	44 1f       	adc	r20, r20
     1ce:	55 1f       	adc	r21, r21
     1d0:	6a 95       	dec	r22
     1d2:	d2 f7       	brpl	.-12     	; 0x1c8 <_fpadd_parts+0xde>
     1d4:	21 50       	subi	r18, 0x01	; 1
     1d6:	30 40       	sbci	r19, 0x00	; 0
     1d8:	40 40       	sbci	r20, 0x00	; 0
     1da:	50 40       	sbci	r21, 0x00	; 0
     1dc:	2e 21       	and	r18, r14
     1de:	3f 21       	and	r19, r15
     1e0:	40 23       	and	r20, r16
     1e2:	51 23       	and	r21, r17
     1e4:	21 15       	cp	r18, r1
     1e6:	31 05       	cpc	r19, r1
     1e8:	41 05       	cpc	r20, r1
     1ea:	51 05       	cpc	r21, r1
     1ec:	21 f0       	breq	.+8      	; 0x1f6 <_fpadd_parts+0x10c>
     1ee:	21 e0       	ldi	r18, 0x01	; 1
     1f0:	30 e0       	ldi	r19, 0x00	; 0
     1f2:	40 e0       	ldi	r20, 0x00	; 0
     1f4:	50 e0       	ldi	r21, 0x00	; 0
     1f6:	79 01       	movw	r14, r18
     1f8:	8a 01       	movw	r16, r20
     1fa:	e6 28       	or	r14, r6
     1fc:	f7 28       	or	r15, r7
     1fe:	08 29       	or	r16, r8
     200:	19 29       	or	r17, r9
     202:	3c c0       	rjmp	.+120    	; 0x27c <_fpadd_parts+0x192>
     204:	23 2b       	or	r18, r19
     206:	d1 f1       	breq	.+116    	; 0x27c <_fpadd_parts+0x192>
     208:	26 0e       	add	r2, r22
     20a:	37 1e       	adc	r3, r23
     20c:	35 01       	movw	r6, r10
     20e:	46 01       	movw	r8, r12
     210:	06 2e       	mov	r0, r22
     212:	04 c0       	rjmp	.+8      	; 0x21c <_fpadd_parts+0x132>
     214:	96 94       	lsr	r9
     216:	87 94       	ror	r8
     218:	77 94       	ror	r7
     21a:	67 94       	ror	r6
     21c:	0a 94       	dec	r0
     21e:	d2 f7       	brpl	.-12     	; 0x214 <_fpadd_parts+0x12a>
     220:	21 e0       	ldi	r18, 0x01	; 1
     222:	30 e0       	ldi	r19, 0x00	; 0
     224:	40 e0       	ldi	r20, 0x00	; 0
     226:	50 e0       	ldi	r21, 0x00	; 0
     228:	04 c0       	rjmp	.+8      	; 0x232 <_fpadd_parts+0x148>
     22a:	22 0f       	add	r18, r18
     22c:	33 1f       	adc	r19, r19
     22e:	44 1f       	adc	r20, r20
     230:	55 1f       	adc	r21, r21
     232:	6a 95       	dec	r22
     234:	d2 f7       	brpl	.-12     	; 0x22a <_fpadd_parts+0x140>
     236:	21 50       	subi	r18, 0x01	; 1
     238:	30 40       	sbci	r19, 0x00	; 0
     23a:	40 40       	sbci	r20, 0x00	; 0
     23c:	50 40       	sbci	r21, 0x00	; 0
     23e:	2a 21       	and	r18, r10
     240:	3b 21       	and	r19, r11
     242:	4c 21       	and	r20, r12
     244:	5d 21       	and	r21, r13
     246:	21 15       	cp	r18, r1
     248:	31 05       	cpc	r19, r1
     24a:	41 05       	cpc	r20, r1
     24c:	51 05       	cpc	r21, r1
     24e:	21 f0       	breq	.+8      	; 0x258 <_fpadd_parts+0x16e>
     250:	21 e0       	ldi	r18, 0x01	; 1
     252:	30 e0       	ldi	r19, 0x00	; 0
     254:	40 e0       	ldi	r20, 0x00	; 0
     256:	50 e0       	ldi	r21, 0x00	; 0
     258:	59 01       	movw	r10, r18
     25a:	6a 01       	movw	r12, r20
     25c:	a6 28       	or	r10, r6
     25e:	b7 28       	or	r11, r7
     260:	c8 28       	or	r12, r8
     262:	d9 28       	or	r13, r9
     264:	0b c0       	rjmp	.+22     	; 0x27c <_fpadd_parts+0x192>
     266:	82 15       	cp	r24, r2
     268:	93 05       	cpc	r25, r3
     26a:	2c f0       	brlt	.+10     	; 0x276 <_fpadd_parts+0x18c>
     26c:	1c 01       	movw	r2, r24
     26e:	aa 24       	eor	r10, r10
     270:	bb 24       	eor	r11, r11
     272:	65 01       	movw	r12, r10
     274:	03 c0       	rjmp	.+6      	; 0x27c <_fpadd_parts+0x192>
     276:	ee 24       	eor	r14, r14
     278:	ff 24       	eor	r15, r15
     27a:	87 01       	movw	r16, r14
     27c:	11 96       	adiw	r26, 0x01	; 1
     27e:	9c 91       	ld	r25, X
     280:	d2 01       	movw	r26, r4
     282:	11 96       	adiw	r26, 0x01	; 1
     284:	8c 91       	ld	r24, X
     286:	98 17       	cp	r25, r24
     288:	09 f4       	brne	.+2      	; 0x28c <_fpadd_parts+0x1a2>
     28a:	45 c0       	rjmp	.+138    	; 0x316 <_fpadd_parts+0x22c>
     28c:	99 23       	and	r25, r25
     28e:	39 f0       	breq	.+14     	; 0x29e <_fpadd_parts+0x1b4>
     290:	a8 01       	movw	r20, r16
     292:	97 01       	movw	r18, r14
     294:	2a 19       	sub	r18, r10
     296:	3b 09       	sbc	r19, r11
     298:	4c 09       	sbc	r20, r12
     29a:	5d 09       	sbc	r21, r13
     29c:	06 c0       	rjmp	.+12     	; 0x2aa <_fpadd_parts+0x1c0>
     29e:	a6 01       	movw	r20, r12
     2a0:	95 01       	movw	r18, r10
     2a2:	2e 19       	sub	r18, r14
     2a4:	3f 09       	sbc	r19, r15
     2a6:	40 0b       	sbc	r20, r16
     2a8:	51 0b       	sbc	r21, r17
     2aa:	57 fd       	sbrc	r21, 7
     2ac:	08 c0       	rjmp	.+16     	; 0x2be <_fpadd_parts+0x1d4>
     2ae:	11 82       	std	Z+1, r1	; 0x01
     2b0:	33 82       	std	Z+3, r3	; 0x03
     2b2:	22 82       	std	Z+2, r2	; 0x02
     2b4:	24 83       	std	Z+4, r18	; 0x04
     2b6:	35 83       	std	Z+5, r19	; 0x05
     2b8:	46 83       	std	Z+6, r20	; 0x06
     2ba:	57 83       	std	Z+7, r21	; 0x07
     2bc:	1d c0       	rjmp	.+58     	; 0x2f8 <_fpadd_parts+0x20e>
     2be:	81 e0       	ldi	r24, 0x01	; 1
     2c0:	81 83       	std	Z+1, r24	; 0x01
     2c2:	33 82       	std	Z+3, r3	; 0x03
     2c4:	22 82       	std	Z+2, r2	; 0x02
     2c6:	88 27       	eor	r24, r24
     2c8:	99 27       	eor	r25, r25
     2ca:	dc 01       	movw	r26, r24
     2cc:	82 1b       	sub	r24, r18
     2ce:	93 0b       	sbc	r25, r19
     2d0:	a4 0b       	sbc	r26, r20
     2d2:	b5 0b       	sbc	r27, r21
     2d4:	84 83       	std	Z+4, r24	; 0x04
     2d6:	95 83       	std	Z+5, r25	; 0x05
     2d8:	a6 83       	std	Z+6, r26	; 0x06
     2da:	b7 83       	std	Z+7, r27	; 0x07
     2dc:	0d c0       	rjmp	.+26     	; 0x2f8 <_fpadd_parts+0x20e>
     2de:	22 0f       	add	r18, r18
     2e0:	33 1f       	adc	r19, r19
     2e2:	44 1f       	adc	r20, r20
     2e4:	55 1f       	adc	r21, r21
     2e6:	24 83       	std	Z+4, r18	; 0x04
     2e8:	35 83       	std	Z+5, r19	; 0x05
     2ea:	46 83       	std	Z+6, r20	; 0x06
     2ec:	57 83       	std	Z+7, r21	; 0x07
     2ee:	82 81       	ldd	r24, Z+2	; 0x02
     2f0:	93 81       	ldd	r25, Z+3	; 0x03
     2f2:	01 97       	sbiw	r24, 0x01	; 1
     2f4:	93 83       	std	Z+3, r25	; 0x03
     2f6:	82 83       	std	Z+2, r24	; 0x02
     2f8:	24 81       	ldd	r18, Z+4	; 0x04
     2fa:	35 81       	ldd	r19, Z+5	; 0x05
     2fc:	46 81       	ldd	r20, Z+6	; 0x06
     2fe:	57 81       	ldd	r21, Z+7	; 0x07
     300:	da 01       	movw	r26, r20
     302:	c9 01       	movw	r24, r18
     304:	01 97       	sbiw	r24, 0x01	; 1
     306:	a1 09       	sbc	r26, r1
     308:	b1 09       	sbc	r27, r1
     30a:	8f 5f       	subi	r24, 0xFF	; 255
     30c:	9f 4f       	sbci	r25, 0xFF	; 255
     30e:	af 4f       	sbci	r26, 0xFF	; 255
     310:	bf 43       	sbci	r27, 0x3F	; 63
     312:	28 f3       	brcs	.-54     	; 0x2de <_fpadd_parts+0x1f4>
     314:	0b c0       	rjmp	.+22     	; 0x32c <_fpadd_parts+0x242>
     316:	91 83       	std	Z+1, r25	; 0x01
     318:	33 82       	std	Z+3, r3	; 0x03
     31a:	22 82       	std	Z+2, r2	; 0x02
     31c:	ea 0c       	add	r14, r10
     31e:	fb 1c       	adc	r15, r11
     320:	0c 1d       	adc	r16, r12
     322:	1d 1d       	adc	r17, r13
     324:	e4 82       	std	Z+4, r14	; 0x04
     326:	f5 82       	std	Z+5, r15	; 0x05
     328:	06 83       	std	Z+6, r16	; 0x06
     32a:	17 83       	std	Z+7, r17	; 0x07
     32c:	83 e0       	ldi	r24, 0x03	; 3
     32e:	80 83       	st	Z, r24
     330:	24 81       	ldd	r18, Z+4	; 0x04
     332:	35 81       	ldd	r19, Z+5	; 0x05
     334:	46 81       	ldd	r20, Z+6	; 0x06
     336:	57 81       	ldd	r21, Z+7	; 0x07
     338:	57 ff       	sbrs	r21, 7
     33a:	1a c0       	rjmp	.+52     	; 0x370 <_fpadd_parts+0x286>
     33c:	c9 01       	movw	r24, r18
     33e:	aa 27       	eor	r26, r26
     340:	97 fd       	sbrc	r25, 7
     342:	a0 95       	com	r26
     344:	ba 2f       	mov	r27, r26
     346:	81 70       	andi	r24, 0x01	; 1
     348:	90 70       	andi	r25, 0x00	; 0
     34a:	a0 70       	andi	r26, 0x00	; 0
     34c:	b0 70       	andi	r27, 0x00	; 0
     34e:	56 95       	lsr	r21
     350:	47 95       	ror	r20
     352:	37 95       	ror	r19
     354:	27 95       	ror	r18
     356:	82 2b       	or	r24, r18
     358:	93 2b       	or	r25, r19
     35a:	a4 2b       	or	r26, r20
     35c:	b5 2b       	or	r27, r21
     35e:	84 83       	std	Z+4, r24	; 0x04
     360:	95 83       	std	Z+5, r25	; 0x05
     362:	a6 83       	std	Z+6, r26	; 0x06
     364:	b7 83       	std	Z+7, r27	; 0x07
     366:	82 81       	ldd	r24, Z+2	; 0x02
     368:	93 81       	ldd	r25, Z+3	; 0x03
     36a:	01 96       	adiw	r24, 0x01	; 1
     36c:	93 83       	std	Z+3, r25	; 0x03
     36e:	82 83       	std	Z+2, r24	; 0x02
     370:	df 01       	movw	r26, r30
     372:	01 c0       	rjmp	.+2      	; 0x376 <_fpadd_parts+0x28c>
     374:	d2 01       	movw	r26, r4
     376:	cd 01       	movw	r24, r26
     378:	cd b7       	in	r28, 0x3d	; 61
     37a:	de b7       	in	r29, 0x3e	; 62
     37c:	e2 e1       	ldi	r30, 0x12	; 18
     37e:	0c 94 c5 0c 	jmp	0x198a	; 0x198a <__epilogue_restores__>

00000382 <__subsf3>:
     382:	a0 e2       	ldi	r26, 0x20	; 32
     384:	b0 e0       	ldi	r27, 0x00	; 0
     386:	e7 ec       	ldi	r30, 0xC7	; 199
     388:	f1 e0       	ldi	r31, 0x01	; 1
     38a:	0c 94 b5 0c 	jmp	0x196a	; 0x196a <__prologue_saves__+0x18>
     38e:	69 83       	std	Y+1, r22	; 0x01
     390:	7a 83       	std	Y+2, r23	; 0x02
     392:	8b 83       	std	Y+3, r24	; 0x03
     394:	9c 83       	std	Y+4, r25	; 0x04
     396:	2d 83       	std	Y+5, r18	; 0x05
     398:	3e 83       	std	Y+6, r19	; 0x06
     39a:	4f 83       	std	Y+7, r20	; 0x07
     39c:	58 87       	std	Y+8, r21	; 0x08
     39e:	e9 e0       	ldi	r30, 0x09	; 9
     3a0:	ee 2e       	mov	r14, r30
     3a2:	f1 2c       	mov	r15, r1
     3a4:	ec 0e       	add	r14, r28
     3a6:	fd 1e       	adc	r15, r29
     3a8:	ce 01       	movw	r24, r28
     3aa:	01 96       	adiw	r24, 0x01	; 1
     3ac:	b7 01       	movw	r22, r14
     3ae:	0e 94 d2 04 	call	0x9a4	; 0x9a4 <__unpack_f>
     3b2:	8e 01       	movw	r16, r28
     3b4:	0f 5e       	subi	r16, 0xEF	; 239
     3b6:	1f 4f       	sbci	r17, 0xFF	; 255
     3b8:	ce 01       	movw	r24, r28
     3ba:	05 96       	adiw	r24, 0x05	; 5
     3bc:	b8 01       	movw	r22, r16
     3be:	0e 94 d2 04 	call	0x9a4	; 0x9a4 <__unpack_f>
     3c2:	8a 89       	ldd	r24, Y+18	; 0x12
     3c4:	91 e0       	ldi	r25, 0x01	; 1
     3c6:	89 27       	eor	r24, r25
     3c8:	8a 8b       	std	Y+18, r24	; 0x12
     3ca:	c7 01       	movw	r24, r14
     3cc:	b8 01       	movw	r22, r16
     3ce:	ae 01       	movw	r20, r28
     3d0:	47 5e       	subi	r20, 0xE7	; 231
     3d2:	5f 4f       	sbci	r21, 0xFF	; 255
     3d4:	0e 94 75 00 	call	0xea	; 0xea <_fpadd_parts>
     3d8:	0e 94 fd 03 	call	0x7fa	; 0x7fa <__pack_f>
     3dc:	a0 96       	adiw	r28, 0x20	; 32
     3de:	e6 e0       	ldi	r30, 0x06	; 6
     3e0:	0c 94 d1 0c 	jmp	0x19a2	; 0x19a2 <__epilogue_restores__+0x18>

000003e4 <__addsf3>:
     3e4:	a0 e2       	ldi	r26, 0x20	; 32
     3e6:	b0 e0       	ldi	r27, 0x00	; 0
     3e8:	e8 ef       	ldi	r30, 0xF8	; 248
     3ea:	f1 e0       	ldi	r31, 0x01	; 1
     3ec:	0c 94 b5 0c 	jmp	0x196a	; 0x196a <__prologue_saves__+0x18>
     3f0:	69 83       	std	Y+1, r22	; 0x01
     3f2:	7a 83       	std	Y+2, r23	; 0x02
     3f4:	8b 83       	std	Y+3, r24	; 0x03
     3f6:	9c 83       	std	Y+4, r25	; 0x04
     3f8:	2d 83       	std	Y+5, r18	; 0x05
     3fa:	3e 83       	std	Y+6, r19	; 0x06
     3fc:	4f 83       	std	Y+7, r20	; 0x07
     3fe:	58 87       	std	Y+8, r21	; 0x08
     400:	f9 e0       	ldi	r31, 0x09	; 9
     402:	ef 2e       	mov	r14, r31
     404:	f1 2c       	mov	r15, r1
     406:	ec 0e       	add	r14, r28
     408:	fd 1e       	adc	r15, r29
     40a:	ce 01       	movw	r24, r28
     40c:	01 96       	adiw	r24, 0x01	; 1
     40e:	b7 01       	movw	r22, r14
     410:	0e 94 d2 04 	call	0x9a4	; 0x9a4 <__unpack_f>
     414:	8e 01       	movw	r16, r28
     416:	0f 5e       	subi	r16, 0xEF	; 239
     418:	1f 4f       	sbci	r17, 0xFF	; 255
     41a:	ce 01       	movw	r24, r28
     41c:	05 96       	adiw	r24, 0x05	; 5
     41e:	b8 01       	movw	r22, r16
     420:	0e 94 d2 04 	call	0x9a4	; 0x9a4 <__unpack_f>
     424:	c7 01       	movw	r24, r14
     426:	b8 01       	movw	r22, r16
     428:	ae 01       	movw	r20, r28
     42a:	47 5e       	subi	r20, 0xE7	; 231
     42c:	5f 4f       	sbci	r21, 0xFF	; 255
     42e:	0e 94 75 00 	call	0xea	; 0xea <_fpadd_parts>
     432:	0e 94 fd 03 	call	0x7fa	; 0x7fa <__pack_f>
     436:	a0 96       	adiw	r28, 0x20	; 32
     438:	e6 e0       	ldi	r30, 0x06	; 6
     43a:	0c 94 d1 0c 	jmp	0x19a2	; 0x19a2 <__epilogue_restores__+0x18>

0000043e <__mulsf3>:
     43e:	a0 e2       	ldi	r26, 0x20	; 32
     440:	b0 e0       	ldi	r27, 0x00	; 0
     442:	e5 e2       	ldi	r30, 0x25	; 37
     444:	f2 e0       	ldi	r31, 0x02	; 2
     446:	0c 94 a9 0c 	jmp	0x1952	; 0x1952 <__prologue_saves__>
     44a:	69 83       	std	Y+1, r22	; 0x01
     44c:	7a 83       	std	Y+2, r23	; 0x02
     44e:	8b 83       	std	Y+3, r24	; 0x03
     450:	9c 83       	std	Y+4, r25	; 0x04
     452:	2d 83       	std	Y+5, r18	; 0x05
     454:	3e 83       	std	Y+6, r19	; 0x06
     456:	4f 83       	std	Y+7, r20	; 0x07
     458:	58 87       	std	Y+8, r21	; 0x08
     45a:	ce 01       	movw	r24, r28
     45c:	01 96       	adiw	r24, 0x01	; 1
     45e:	be 01       	movw	r22, r28
     460:	67 5f       	subi	r22, 0xF7	; 247
     462:	7f 4f       	sbci	r23, 0xFF	; 255
     464:	0e 94 d2 04 	call	0x9a4	; 0x9a4 <__unpack_f>
     468:	ce 01       	movw	r24, r28
     46a:	05 96       	adiw	r24, 0x05	; 5
     46c:	be 01       	movw	r22, r28
     46e:	6f 5e       	subi	r22, 0xEF	; 239
     470:	7f 4f       	sbci	r23, 0xFF	; 255
     472:	0e 94 d2 04 	call	0x9a4	; 0x9a4 <__unpack_f>
     476:	99 85       	ldd	r25, Y+9	; 0x09
     478:	92 30       	cpi	r25, 0x02	; 2
     47a:	88 f0       	brcs	.+34     	; 0x49e <__mulsf3+0x60>
     47c:	89 89       	ldd	r24, Y+17	; 0x11
     47e:	82 30       	cpi	r24, 0x02	; 2
     480:	c8 f0       	brcs	.+50     	; 0x4b4 <__mulsf3+0x76>
     482:	94 30       	cpi	r25, 0x04	; 4
     484:	19 f4       	brne	.+6      	; 0x48c <__mulsf3+0x4e>
     486:	82 30       	cpi	r24, 0x02	; 2
     488:	51 f4       	brne	.+20     	; 0x49e <__mulsf3+0x60>
     48a:	04 c0       	rjmp	.+8      	; 0x494 <__mulsf3+0x56>
     48c:	84 30       	cpi	r24, 0x04	; 4
     48e:	29 f4       	brne	.+10     	; 0x49a <__mulsf3+0x5c>
     490:	92 30       	cpi	r25, 0x02	; 2
     492:	81 f4       	brne	.+32     	; 0x4b4 <__mulsf3+0x76>
     494:	80 e6       	ldi	r24, 0x60	; 96
     496:	90 e0       	ldi	r25, 0x00	; 0
     498:	c6 c0       	rjmp	.+396    	; 0x626 <__mulsf3+0x1e8>
     49a:	92 30       	cpi	r25, 0x02	; 2
     49c:	49 f4       	brne	.+18     	; 0x4b0 <__mulsf3+0x72>
     49e:	20 e0       	ldi	r18, 0x00	; 0
     4a0:	9a 85       	ldd	r25, Y+10	; 0x0a
     4a2:	8a 89       	ldd	r24, Y+18	; 0x12
     4a4:	98 13       	cpse	r25, r24
     4a6:	21 e0       	ldi	r18, 0x01	; 1
     4a8:	2a 87       	std	Y+10, r18	; 0x0a
     4aa:	ce 01       	movw	r24, r28
     4ac:	09 96       	adiw	r24, 0x09	; 9
     4ae:	bb c0       	rjmp	.+374    	; 0x626 <__mulsf3+0x1e8>
     4b0:	82 30       	cpi	r24, 0x02	; 2
     4b2:	49 f4       	brne	.+18     	; 0x4c6 <__mulsf3+0x88>
     4b4:	20 e0       	ldi	r18, 0x00	; 0
     4b6:	9a 85       	ldd	r25, Y+10	; 0x0a
     4b8:	8a 89       	ldd	r24, Y+18	; 0x12
     4ba:	98 13       	cpse	r25, r24
     4bc:	21 e0       	ldi	r18, 0x01	; 1
     4be:	2a 8b       	std	Y+18, r18	; 0x12
     4c0:	ce 01       	movw	r24, r28
     4c2:	41 96       	adiw	r24, 0x11	; 17
     4c4:	b0 c0       	rjmp	.+352    	; 0x626 <__mulsf3+0x1e8>
     4c6:	2d 84       	ldd	r2, Y+13	; 0x0d
     4c8:	3e 84       	ldd	r3, Y+14	; 0x0e
     4ca:	4f 84       	ldd	r4, Y+15	; 0x0f
     4cc:	58 88       	ldd	r5, Y+16	; 0x10
     4ce:	6d 88       	ldd	r6, Y+21	; 0x15
     4d0:	7e 88       	ldd	r7, Y+22	; 0x16
     4d2:	8f 88       	ldd	r8, Y+23	; 0x17
     4d4:	98 8c       	ldd	r9, Y+24	; 0x18
     4d6:	ee 24       	eor	r14, r14
     4d8:	ff 24       	eor	r15, r15
     4da:	87 01       	movw	r16, r14
     4dc:	aa 24       	eor	r10, r10
     4de:	bb 24       	eor	r11, r11
     4e0:	65 01       	movw	r12, r10
     4e2:	40 e0       	ldi	r20, 0x00	; 0
     4e4:	50 e0       	ldi	r21, 0x00	; 0
     4e6:	60 e0       	ldi	r22, 0x00	; 0
     4e8:	70 e0       	ldi	r23, 0x00	; 0
     4ea:	e0 e0       	ldi	r30, 0x00	; 0
     4ec:	f0 e0       	ldi	r31, 0x00	; 0
     4ee:	c1 01       	movw	r24, r2
     4f0:	81 70       	andi	r24, 0x01	; 1
     4f2:	90 70       	andi	r25, 0x00	; 0
     4f4:	89 2b       	or	r24, r25
     4f6:	e9 f0       	breq	.+58     	; 0x532 <__mulsf3+0xf4>
     4f8:	e6 0c       	add	r14, r6
     4fa:	f7 1c       	adc	r15, r7
     4fc:	08 1d       	adc	r16, r8
     4fe:	19 1d       	adc	r17, r9
     500:	9a 01       	movw	r18, r20
     502:	ab 01       	movw	r20, r22
     504:	2a 0d       	add	r18, r10
     506:	3b 1d       	adc	r19, r11
     508:	4c 1d       	adc	r20, r12
     50a:	5d 1d       	adc	r21, r13
     50c:	80 e0       	ldi	r24, 0x00	; 0
     50e:	90 e0       	ldi	r25, 0x00	; 0
     510:	a0 e0       	ldi	r26, 0x00	; 0
     512:	b0 e0       	ldi	r27, 0x00	; 0
     514:	e6 14       	cp	r14, r6
     516:	f7 04       	cpc	r15, r7
     518:	08 05       	cpc	r16, r8
     51a:	19 05       	cpc	r17, r9
     51c:	20 f4       	brcc	.+8      	; 0x526 <__mulsf3+0xe8>
     51e:	81 e0       	ldi	r24, 0x01	; 1
     520:	90 e0       	ldi	r25, 0x00	; 0
     522:	a0 e0       	ldi	r26, 0x00	; 0
     524:	b0 e0       	ldi	r27, 0x00	; 0
     526:	ba 01       	movw	r22, r20
     528:	a9 01       	movw	r20, r18
     52a:	48 0f       	add	r20, r24
     52c:	59 1f       	adc	r21, r25
     52e:	6a 1f       	adc	r22, r26
     530:	7b 1f       	adc	r23, r27
     532:	aa 0c       	add	r10, r10
     534:	bb 1c       	adc	r11, r11
     536:	cc 1c       	adc	r12, r12
     538:	dd 1c       	adc	r13, r13
     53a:	97 fe       	sbrs	r9, 7
     53c:	08 c0       	rjmp	.+16     	; 0x54e <__mulsf3+0x110>
     53e:	81 e0       	ldi	r24, 0x01	; 1
     540:	90 e0       	ldi	r25, 0x00	; 0
     542:	a0 e0       	ldi	r26, 0x00	; 0
     544:	b0 e0       	ldi	r27, 0x00	; 0
     546:	a8 2a       	or	r10, r24
     548:	b9 2a       	or	r11, r25
     54a:	ca 2a       	or	r12, r26
     54c:	db 2a       	or	r13, r27
     54e:	31 96       	adiw	r30, 0x01	; 1
     550:	e0 32       	cpi	r30, 0x20	; 32
     552:	f1 05       	cpc	r31, r1
     554:	49 f0       	breq	.+18     	; 0x568 <__mulsf3+0x12a>
     556:	66 0c       	add	r6, r6
     558:	77 1c       	adc	r7, r7
     55a:	88 1c       	adc	r8, r8
     55c:	99 1c       	adc	r9, r9
     55e:	56 94       	lsr	r5
     560:	47 94       	ror	r4
     562:	37 94       	ror	r3
     564:	27 94       	ror	r2
     566:	c3 cf       	rjmp	.-122    	; 0x4ee <__mulsf3+0xb0>
     568:	fa 85       	ldd	r31, Y+10	; 0x0a
     56a:	ea 89       	ldd	r30, Y+18	; 0x12
     56c:	2b 89       	ldd	r18, Y+19	; 0x13
     56e:	3c 89       	ldd	r19, Y+20	; 0x14
     570:	8b 85       	ldd	r24, Y+11	; 0x0b
     572:	9c 85       	ldd	r25, Y+12	; 0x0c
     574:	28 0f       	add	r18, r24
     576:	39 1f       	adc	r19, r25
     578:	2e 5f       	subi	r18, 0xFE	; 254
     57a:	3f 4f       	sbci	r19, 0xFF	; 255
     57c:	17 c0       	rjmp	.+46     	; 0x5ac <__mulsf3+0x16e>
     57e:	ca 01       	movw	r24, r20
     580:	81 70       	andi	r24, 0x01	; 1
     582:	90 70       	andi	r25, 0x00	; 0
     584:	89 2b       	or	r24, r25
     586:	61 f0       	breq	.+24     	; 0x5a0 <__mulsf3+0x162>
     588:	16 95       	lsr	r17
     58a:	07 95       	ror	r16
     58c:	f7 94       	ror	r15
     58e:	e7 94       	ror	r14
     590:	80 e0       	ldi	r24, 0x00	; 0
     592:	90 e0       	ldi	r25, 0x00	; 0
     594:	a0 e0       	ldi	r26, 0x00	; 0
     596:	b0 e8       	ldi	r27, 0x80	; 128
     598:	e8 2a       	or	r14, r24
     59a:	f9 2a       	or	r15, r25
     59c:	0a 2b       	or	r16, r26
     59e:	1b 2b       	or	r17, r27
     5a0:	76 95       	lsr	r23
     5a2:	67 95       	ror	r22
     5a4:	57 95       	ror	r21
     5a6:	47 95       	ror	r20
     5a8:	2f 5f       	subi	r18, 0xFF	; 255
     5aa:	3f 4f       	sbci	r19, 0xFF	; 255
     5ac:	77 fd       	sbrc	r23, 7
     5ae:	e7 cf       	rjmp	.-50     	; 0x57e <__mulsf3+0x140>
     5b0:	0c c0       	rjmp	.+24     	; 0x5ca <__mulsf3+0x18c>
     5b2:	44 0f       	add	r20, r20
     5b4:	55 1f       	adc	r21, r21
     5b6:	66 1f       	adc	r22, r22
     5b8:	77 1f       	adc	r23, r23
     5ba:	17 fd       	sbrc	r17, 7
     5bc:	41 60       	ori	r20, 0x01	; 1
     5be:	ee 0c       	add	r14, r14
     5c0:	ff 1c       	adc	r15, r15
     5c2:	00 1f       	adc	r16, r16
     5c4:	11 1f       	adc	r17, r17
     5c6:	21 50       	subi	r18, 0x01	; 1
     5c8:	30 40       	sbci	r19, 0x00	; 0
     5ca:	40 30       	cpi	r20, 0x00	; 0
     5cc:	90 e0       	ldi	r25, 0x00	; 0
     5ce:	59 07       	cpc	r21, r25
     5d0:	90 e0       	ldi	r25, 0x00	; 0
     5d2:	69 07       	cpc	r22, r25
     5d4:	90 e4       	ldi	r25, 0x40	; 64
     5d6:	79 07       	cpc	r23, r25
     5d8:	60 f3       	brcs	.-40     	; 0x5b2 <__mulsf3+0x174>
     5da:	2b 8f       	std	Y+27, r18	; 0x1b
     5dc:	3c 8f       	std	Y+28, r19	; 0x1c
     5de:	db 01       	movw	r26, r22
     5e0:	ca 01       	movw	r24, r20
     5e2:	8f 77       	andi	r24, 0x7F	; 127
     5e4:	90 70       	andi	r25, 0x00	; 0
     5e6:	a0 70       	andi	r26, 0x00	; 0
     5e8:	b0 70       	andi	r27, 0x00	; 0
     5ea:	80 34       	cpi	r24, 0x40	; 64
     5ec:	91 05       	cpc	r25, r1
     5ee:	a1 05       	cpc	r26, r1
     5f0:	b1 05       	cpc	r27, r1
     5f2:	61 f4       	brne	.+24     	; 0x60c <__mulsf3+0x1ce>
     5f4:	47 fd       	sbrc	r20, 7
     5f6:	0a c0       	rjmp	.+20     	; 0x60c <__mulsf3+0x1ce>
     5f8:	e1 14       	cp	r14, r1
     5fa:	f1 04       	cpc	r15, r1
     5fc:	01 05       	cpc	r16, r1
     5fe:	11 05       	cpc	r17, r1
     600:	29 f0       	breq	.+10     	; 0x60c <__mulsf3+0x1ce>
     602:	40 5c       	subi	r20, 0xC0	; 192
     604:	5f 4f       	sbci	r21, 0xFF	; 255
     606:	6f 4f       	sbci	r22, 0xFF	; 255
     608:	7f 4f       	sbci	r23, 0xFF	; 255
     60a:	40 78       	andi	r20, 0x80	; 128
     60c:	1a 8e       	std	Y+26, r1	; 0x1a
     60e:	fe 17       	cp	r31, r30
     610:	11 f0       	breq	.+4      	; 0x616 <__mulsf3+0x1d8>
     612:	81 e0       	ldi	r24, 0x01	; 1
     614:	8a 8f       	std	Y+26, r24	; 0x1a
     616:	4d 8f       	std	Y+29, r20	; 0x1d
     618:	5e 8f       	std	Y+30, r21	; 0x1e
     61a:	6f 8f       	std	Y+31, r22	; 0x1f
     61c:	78 a3       	std	Y+32, r23	; 0x20
     61e:	83 e0       	ldi	r24, 0x03	; 3
     620:	89 8f       	std	Y+25, r24	; 0x19
     622:	ce 01       	movw	r24, r28
     624:	49 96       	adiw	r24, 0x19	; 25
     626:	0e 94 fd 03 	call	0x7fa	; 0x7fa <__pack_f>
     62a:	a0 96       	adiw	r28, 0x20	; 32
     62c:	e2 e1       	ldi	r30, 0x12	; 18
     62e:	0c 94 c5 0c 	jmp	0x198a	; 0x198a <__epilogue_restores__>

00000632 <__gtsf2>:
     632:	a8 e1       	ldi	r26, 0x18	; 24
     634:	b0 e0       	ldi	r27, 0x00	; 0
     636:	ef e1       	ldi	r30, 0x1F	; 31
     638:	f3 e0       	ldi	r31, 0x03	; 3
     63a:	0c 94 b5 0c 	jmp	0x196a	; 0x196a <__prologue_saves__+0x18>
     63e:	69 83       	std	Y+1, r22	; 0x01
     640:	7a 83       	std	Y+2, r23	; 0x02
     642:	8b 83       	std	Y+3, r24	; 0x03
     644:	9c 83       	std	Y+4, r25	; 0x04
     646:	2d 83       	std	Y+5, r18	; 0x05
     648:	3e 83       	std	Y+6, r19	; 0x06
     64a:	4f 83       	std	Y+7, r20	; 0x07
     64c:	58 87       	std	Y+8, r21	; 0x08
     64e:	89 e0       	ldi	r24, 0x09	; 9
     650:	e8 2e       	mov	r14, r24
     652:	f1 2c       	mov	r15, r1
     654:	ec 0e       	add	r14, r28
     656:	fd 1e       	adc	r15, r29
     658:	ce 01       	movw	r24, r28
     65a:	01 96       	adiw	r24, 0x01	; 1
     65c:	b7 01       	movw	r22, r14
     65e:	0e 94 d2 04 	call	0x9a4	; 0x9a4 <__unpack_f>
     662:	8e 01       	movw	r16, r28
     664:	0f 5e       	subi	r16, 0xEF	; 239
     666:	1f 4f       	sbci	r17, 0xFF	; 255
     668:	ce 01       	movw	r24, r28
     66a:	05 96       	adiw	r24, 0x05	; 5
     66c:	b8 01       	movw	r22, r16
     66e:	0e 94 d2 04 	call	0x9a4	; 0x9a4 <__unpack_f>
     672:	89 85       	ldd	r24, Y+9	; 0x09
     674:	82 30       	cpi	r24, 0x02	; 2
     676:	40 f0       	brcs	.+16     	; 0x688 <__gtsf2+0x56>
     678:	89 89       	ldd	r24, Y+17	; 0x11
     67a:	82 30       	cpi	r24, 0x02	; 2
     67c:	28 f0       	brcs	.+10     	; 0x688 <__gtsf2+0x56>
     67e:	c7 01       	movw	r24, r14
     680:	b8 01       	movw	r22, r16
     682:	0e 94 4a 05 	call	0xa94	; 0xa94 <__fpcmp_parts_f>
     686:	01 c0       	rjmp	.+2      	; 0x68a <__gtsf2+0x58>
     688:	8f ef       	ldi	r24, 0xFF	; 255
     68a:	68 96       	adiw	r28, 0x18	; 24
     68c:	e6 e0       	ldi	r30, 0x06	; 6
     68e:	0c 94 d1 0c 	jmp	0x19a2	; 0x19a2 <__epilogue_restores__+0x18>

00000692 <__gesf2>:
     692:	a8 e1       	ldi	r26, 0x18	; 24
     694:	b0 e0       	ldi	r27, 0x00	; 0
     696:	ef e4       	ldi	r30, 0x4F	; 79
     698:	f3 e0       	ldi	r31, 0x03	; 3
     69a:	0c 94 b5 0c 	jmp	0x196a	; 0x196a <__prologue_saves__+0x18>
     69e:	69 83       	std	Y+1, r22	; 0x01
     6a0:	7a 83       	std	Y+2, r23	; 0x02
     6a2:	8b 83       	std	Y+3, r24	; 0x03
     6a4:	9c 83       	std	Y+4, r25	; 0x04
     6a6:	2d 83       	std	Y+5, r18	; 0x05
     6a8:	3e 83       	std	Y+6, r19	; 0x06
     6aa:	4f 83       	std	Y+7, r20	; 0x07
     6ac:	58 87       	std	Y+8, r21	; 0x08
     6ae:	89 e0       	ldi	r24, 0x09	; 9
     6b0:	e8 2e       	mov	r14, r24
     6b2:	f1 2c       	mov	r15, r1
     6b4:	ec 0e       	add	r14, r28
     6b6:	fd 1e       	adc	r15, r29
     6b8:	ce 01       	movw	r24, r28
     6ba:	01 96       	adiw	r24, 0x01	; 1
     6bc:	b7 01       	movw	r22, r14
     6be:	0e 94 d2 04 	call	0x9a4	; 0x9a4 <__unpack_f>
     6c2:	8e 01       	movw	r16, r28
     6c4:	0f 5e       	subi	r16, 0xEF	; 239
     6c6:	1f 4f       	sbci	r17, 0xFF	; 255
     6c8:	ce 01       	movw	r24, r28
     6ca:	05 96       	adiw	r24, 0x05	; 5
     6cc:	b8 01       	movw	r22, r16
     6ce:	0e 94 d2 04 	call	0x9a4	; 0x9a4 <__unpack_f>
     6d2:	89 85       	ldd	r24, Y+9	; 0x09
     6d4:	82 30       	cpi	r24, 0x02	; 2
     6d6:	40 f0       	brcs	.+16     	; 0x6e8 <__gesf2+0x56>
     6d8:	89 89       	ldd	r24, Y+17	; 0x11
     6da:	82 30       	cpi	r24, 0x02	; 2
     6dc:	28 f0       	brcs	.+10     	; 0x6e8 <__gesf2+0x56>
     6de:	c7 01       	movw	r24, r14
     6e0:	b8 01       	movw	r22, r16
     6e2:	0e 94 4a 05 	call	0xa94	; 0xa94 <__fpcmp_parts_f>
     6e6:	01 c0       	rjmp	.+2      	; 0x6ea <__gesf2+0x58>
     6e8:	8f ef       	ldi	r24, 0xFF	; 255
     6ea:	68 96       	adiw	r28, 0x18	; 24
     6ec:	e6 e0       	ldi	r30, 0x06	; 6
     6ee:	0c 94 d1 0c 	jmp	0x19a2	; 0x19a2 <__epilogue_restores__+0x18>

000006f2 <__ltsf2>:
     6f2:	a8 e1       	ldi	r26, 0x18	; 24
     6f4:	b0 e0       	ldi	r27, 0x00	; 0
     6f6:	ef e7       	ldi	r30, 0x7F	; 127
     6f8:	f3 e0       	ldi	r31, 0x03	; 3
     6fa:	0c 94 b5 0c 	jmp	0x196a	; 0x196a <__prologue_saves__+0x18>
     6fe:	69 83       	std	Y+1, r22	; 0x01
     700:	7a 83       	std	Y+2, r23	; 0x02
     702:	8b 83       	std	Y+3, r24	; 0x03
     704:	9c 83       	std	Y+4, r25	; 0x04
     706:	2d 83       	std	Y+5, r18	; 0x05
     708:	3e 83       	std	Y+6, r19	; 0x06
     70a:	4f 83       	std	Y+7, r20	; 0x07
     70c:	58 87       	std	Y+8, r21	; 0x08
     70e:	89 e0       	ldi	r24, 0x09	; 9
     710:	e8 2e       	mov	r14, r24
     712:	f1 2c       	mov	r15, r1
     714:	ec 0e       	add	r14, r28
     716:	fd 1e       	adc	r15, r29
     718:	ce 01       	movw	r24, r28
     71a:	01 96       	adiw	r24, 0x01	; 1
     71c:	b7 01       	movw	r22, r14
     71e:	0e 94 d2 04 	call	0x9a4	; 0x9a4 <__unpack_f>
     722:	8e 01       	movw	r16, r28
     724:	0f 5e       	subi	r16, 0xEF	; 239
     726:	1f 4f       	sbci	r17, 0xFF	; 255
     728:	ce 01       	movw	r24, r28
     72a:	05 96       	adiw	r24, 0x05	; 5
     72c:	b8 01       	movw	r22, r16
     72e:	0e 94 d2 04 	call	0x9a4	; 0x9a4 <__unpack_f>
     732:	89 85       	ldd	r24, Y+9	; 0x09
     734:	82 30       	cpi	r24, 0x02	; 2
     736:	40 f0       	brcs	.+16     	; 0x748 <__ltsf2+0x56>
     738:	89 89       	ldd	r24, Y+17	; 0x11
     73a:	82 30       	cpi	r24, 0x02	; 2
     73c:	28 f0       	brcs	.+10     	; 0x748 <__ltsf2+0x56>
     73e:	c7 01       	movw	r24, r14
     740:	b8 01       	movw	r22, r16
     742:	0e 94 4a 05 	call	0xa94	; 0xa94 <__fpcmp_parts_f>
     746:	01 c0       	rjmp	.+2      	; 0x74a <__ltsf2+0x58>
     748:	81 e0       	ldi	r24, 0x01	; 1
     74a:	68 96       	adiw	r28, 0x18	; 24
     74c:	e6 e0       	ldi	r30, 0x06	; 6
     74e:	0c 94 d1 0c 	jmp	0x19a2	; 0x19a2 <__epilogue_restores__+0x18>

00000752 <__fixsfsi>:
     752:	ac e0       	ldi	r26, 0x0C	; 12
     754:	b0 e0       	ldi	r27, 0x00	; 0
     756:	ef ea       	ldi	r30, 0xAF	; 175
     758:	f3 e0       	ldi	r31, 0x03	; 3
     75a:	0c 94 b9 0c 	jmp	0x1972	; 0x1972 <__prologue_saves__+0x20>
     75e:	69 83       	std	Y+1, r22	; 0x01
     760:	7a 83       	std	Y+2, r23	; 0x02
     762:	8b 83       	std	Y+3, r24	; 0x03
     764:	9c 83       	std	Y+4, r25	; 0x04
     766:	ce 01       	movw	r24, r28
     768:	01 96       	adiw	r24, 0x01	; 1
     76a:	be 01       	movw	r22, r28
     76c:	6b 5f       	subi	r22, 0xFB	; 251
     76e:	7f 4f       	sbci	r23, 0xFF	; 255
     770:	0e 94 d2 04 	call	0x9a4	; 0x9a4 <__unpack_f>
     774:	8d 81       	ldd	r24, Y+5	; 0x05
     776:	82 30       	cpi	r24, 0x02	; 2
     778:	61 f1       	breq	.+88     	; 0x7d2 <__fixsfsi+0x80>
     77a:	82 30       	cpi	r24, 0x02	; 2
     77c:	50 f1       	brcs	.+84     	; 0x7d2 <__fixsfsi+0x80>
     77e:	84 30       	cpi	r24, 0x04	; 4
     780:	21 f4       	brne	.+8      	; 0x78a <__fixsfsi+0x38>
     782:	8e 81       	ldd	r24, Y+6	; 0x06
     784:	88 23       	and	r24, r24
     786:	51 f1       	breq	.+84     	; 0x7dc <__fixsfsi+0x8a>
     788:	2e c0       	rjmp	.+92     	; 0x7e6 <__fixsfsi+0x94>
     78a:	2f 81       	ldd	r18, Y+7	; 0x07
     78c:	38 85       	ldd	r19, Y+8	; 0x08
     78e:	37 fd       	sbrc	r19, 7
     790:	20 c0       	rjmp	.+64     	; 0x7d2 <__fixsfsi+0x80>
     792:	6e 81       	ldd	r22, Y+6	; 0x06
     794:	2f 31       	cpi	r18, 0x1F	; 31
     796:	31 05       	cpc	r19, r1
     798:	1c f0       	brlt	.+6      	; 0x7a0 <__fixsfsi+0x4e>
     79a:	66 23       	and	r22, r22
     79c:	f9 f0       	breq	.+62     	; 0x7dc <__fixsfsi+0x8a>
     79e:	23 c0       	rjmp	.+70     	; 0x7e6 <__fixsfsi+0x94>
     7a0:	8e e1       	ldi	r24, 0x1E	; 30
     7a2:	90 e0       	ldi	r25, 0x00	; 0
     7a4:	82 1b       	sub	r24, r18
     7a6:	93 0b       	sbc	r25, r19
     7a8:	29 85       	ldd	r18, Y+9	; 0x09
     7aa:	3a 85       	ldd	r19, Y+10	; 0x0a
     7ac:	4b 85       	ldd	r20, Y+11	; 0x0b
     7ae:	5c 85       	ldd	r21, Y+12	; 0x0c
     7b0:	04 c0       	rjmp	.+8      	; 0x7ba <__fixsfsi+0x68>
     7b2:	56 95       	lsr	r21
     7b4:	47 95       	ror	r20
     7b6:	37 95       	ror	r19
     7b8:	27 95       	ror	r18
     7ba:	8a 95       	dec	r24
     7bc:	d2 f7       	brpl	.-12     	; 0x7b2 <__fixsfsi+0x60>
     7be:	66 23       	and	r22, r22
     7c0:	b1 f0       	breq	.+44     	; 0x7ee <__fixsfsi+0x9c>
     7c2:	50 95       	com	r21
     7c4:	40 95       	com	r20
     7c6:	30 95       	com	r19
     7c8:	21 95       	neg	r18
     7ca:	3f 4f       	sbci	r19, 0xFF	; 255
     7cc:	4f 4f       	sbci	r20, 0xFF	; 255
     7ce:	5f 4f       	sbci	r21, 0xFF	; 255
     7d0:	0e c0       	rjmp	.+28     	; 0x7ee <__fixsfsi+0x9c>
     7d2:	20 e0       	ldi	r18, 0x00	; 0
     7d4:	30 e0       	ldi	r19, 0x00	; 0
     7d6:	40 e0       	ldi	r20, 0x00	; 0
     7d8:	50 e0       	ldi	r21, 0x00	; 0
     7da:	09 c0       	rjmp	.+18     	; 0x7ee <__fixsfsi+0x9c>
     7dc:	2f ef       	ldi	r18, 0xFF	; 255
     7de:	3f ef       	ldi	r19, 0xFF	; 255
     7e0:	4f ef       	ldi	r20, 0xFF	; 255
     7e2:	5f e7       	ldi	r21, 0x7F	; 127
     7e4:	04 c0       	rjmp	.+8      	; 0x7ee <__fixsfsi+0x9c>
     7e6:	20 e0       	ldi	r18, 0x00	; 0
     7e8:	30 e0       	ldi	r19, 0x00	; 0
     7ea:	40 e0       	ldi	r20, 0x00	; 0
     7ec:	50 e8       	ldi	r21, 0x80	; 128
     7ee:	b9 01       	movw	r22, r18
     7f0:	ca 01       	movw	r24, r20
     7f2:	2c 96       	adiw	r28, 0x0c	; 12
     7f4:	e2 e0       	ldi	r30, 0x02	; 2
     7f6:	0c 94 d5 0c 	jmp	0x19aa	; 0x19aa <__epilogue_restores__+0x20>

000007fa <__pack_f>:
     7fa:	df 92       	push	r13
     7fc:	ef 92       	push	r14
     7fe:	ff 92       	push	r15
     800:	0f 93       	push	r16
     802:	1f 93       	push	r17
     804:	fc 01       	movw	r30, r24
     806:	e4 80       	ldd	r14, Z+4	; 0x04
     808:	f5 80       	ldd	r15, Z+5	; 0x05
     80a:	06 81       	ldd	r16, Z+6	; 0x06
     80c:	17 81       	ldd	r17, Z+7	; 0x07
     80e:	d1 80       	ldd	r13, Z+1	; 0x01
     810:	80 81       	ld	r24, Z
     812:	82 30       	cpi	r24, 0x02	; 2
     814:	48 f4       	brcc	.+18     	; 0x828 <__pack_f+0x2e>
     816:	80 e0       	ldi	r24, 0x00	; 0
     818:	90 e0       	ldi	r25, 0x00	; 0
     81a:	a0 e1       	ldi	r26, 0x10	; 16
     81c:	b0 e0       	ldi	r27, 0x00	; 0
     81e:	e8 2a       	or	r14, r24
     820:	f9 2a       	or	r15, r25
     822:	0a 2b       	or	r16, r26
     824:	1b 2b       	or	r17, r27
     826:	a5 c0       	rjmp	.+330    	; 0x972 <__stack+0x113>
     828:	84 30       	cpi	r24, 0x04	; 4
     82a:	09 f4       	brne	.+2      	; 0x82e <__pack_f+0x34>
     82c:	9f c0       	rjmp	.+318    	; 0x96c <__stack+0x10d>
     82e:	82 30       	cpi	r24, 0x02	; 2
     830:	21 f4       	brne	.+8      	; 0x83a <__pack_f+0x40>
     832:	ee 24       	eor	r14, r14
     834:	ff 24       	eor	r15, r15
     836:	87 01       	movw	r16, r14
     838:	05 c0       	rjmp	.+10     	; 0x844 <__pack_f+0x4a>
     83a:	e1 14       	cp	r14, r1
     83c:	f1 04       	cpc	r15, r1
     83e:	01 05       	cpc	r16, r1
     840:	11 05       	cpc	r17, r1
     842:	19 f4       	brne	.+6      	; 0x84a <__pack_f+0x50>
     844:	e0 e0       	ldi	r30, 0x00	; 0
     846:	f0 e0       	ldi	r31, 0x00	; 0
     848:	96 c0       	rjmp	.+300    	; 0x976 <__stack+0x117>
     84a:	62 81       	ldd	r22, Z+2	; 0x02
     84c:	73 81       	ldd	r23, Z+3	; 0x03
     84e:	9f ef       	ldi	r25, 0xFF	; 255
     850:	62 38       	cpi	r22, 0x82	; 130
     852:	79 07       	cpc	r23, r25
     854:	0c f0       	brlt	.+2      	; 0x858 <__pack_f+0x5e>
     856:	5b c0       	rjmp	.+182    	; 0x90e <__stack+0xaf>
     858:	22 e8       	ldi	r18, 0x82	; 130
     85a:	3f ef       	ldi	r19, 0xFF	; 255
     85c:	26 1b       	sub	r18, r22
     85e:	37 0b       	sbc	r19, r23
     860:	2a 31       	cpi	r18, 0x1A	; 26
     862:	31 05       	cpc	r19, r1
     864:	2c f0       	brlt	.+10     	; 0x870 <__stack+0x11>
     866:	20 e0       	ldi	r18, 0x00	; 0
     868:	30 e0       	ldi	r19, 0x00	; 0
     86a:	40 e0       	ldi	r20, 0x00	; 0
     86c:	50 e0       	ldi	r21, 0x00	; 0
     86e:	2a c0       	rjmp	.+84     	; 0x8c4 <__stack+0x65>
     870:	b8 01       	movw	r22, r16
     872:	a7 01       	movw	r20, r14
     874:	02 2e       	mov	r0, r18
     876:	04 c0       	rjmp	.+8      	; 0x880 <__stack+0x21>
     878:	76 95       	lsr	r23
     87a:	67 95       	ror	r22
     87c:	57 95       	ror	r21
     87e:	47 95       	ror	r20
     880:	0a 94       	dec	r0
     882:	d2 f7       	brpl	.-12     	; 0x878 <__stack+0x19>
     884:	81 e0       	ldi	r24, 0x01	; 1
     886:	90 e0       	ldi	r25, 0x00	; 0
     888:	a0 e0       	ldi	r26, 0x00	; 0
     88a:	b0 e0       	ldi	r27, 0x00	; 0
     88c:	04 c0       	rjmp	.+8      	; 0x896 <__stack+0x37>
     88e:	88 0f       	add	r24, r24
     890:	99 1f       	adc	r25, r25
     892:	aa 1f       	adc	r26, r26
     894:	bb 1f       	adc	r27, r27
     896:	2a 95       	dec	r18
     898:	d2 f7       	brpl	.-12     	; 0x88e <__stack+0x2f>
     89a:	01 97       	sbiw	r24, 0x01	; 1
     89c:	a1 09       	sbc	r26, r1
     89e:	b1 09       	sbc	r27, r1
     8a0:	8e 21       	and	r24, r14
     8a2:	9f 21       	and	r25, r15
     8a4:	a0 23       	and	r26, r16
     8a6:	b1 23       	and	r27, r17
     8a8:	00 97       	sbiw	r24, 0x00	; 0
     8aa:	a1 05       	cpc	r26, r1
     8ac:	b1 05       	cpc	r27, r1
     8ae:	21 f0       	breq	.+8      	; 0x8b8 <__stack+0x59>
     8b0:	81 e0       	ldi	r24, 0x01	; 1
     8b2:	90 e0       	ldi	r25, 0x00	; 0
     8b4:	a0 e0       	ldi	r26, 0x00	; 0
     8b6:	b0 e0       	ldi	r27, 0x00	; 0
     8b8:	9a 01       	movw	r18, r20
     8ba:	ab 01       	movw	r20, r22
     8bc:	28 2b       	or	r18, r24
     8be:	39 2b       	or	r19, r25
     8c0:	4a 2b       	or	r20, r26
     8c2:	5b 2b       	or	r21, r27
     8c4:	da 01       	movw	r26, r20
     8c6:	c9 01       	movw	r24, r18
     8c8:	8f 77       	andi	r24, 0x7F	; 127
     8ca:	90 70       	andi	r25, 0x00	; 0
     8cc:	a0 70       	andi	r26, 0x00	; 0
     8ce:	b0 70       	andi	r27, 0x00	; 0
     8d0:	80 34       	cpi	r24, 0x40	; 64
     8d2:	91 05       	cpc	r25, r1
     8d4:	a1 05       	cpc	r26, r1
     8d6:	b1 05       	cpc	r27, r1
     8d8:	39 f4       	brne	.+14     	; 0x8e8 <__stack+0x89>
     8da:	27 ff       	sbrs	r18, 7
     8dc:	09 c0       	rjmp	.+18     	; 0x8f0 <__stack+0x91>
     8de:	20 5c       	subi	r18, 0xC0	; 192
     8e0:	3f 4f       	sbci	r19, 0xFF	; 255
     8e2:	4f 4f       	sbci	r20, 0xFF	; 255
     8e4:	5f 4f       	sbci	r21, 0xFF	; 255
     8e6:	04 c0       	rjmp	.+8      	; 0x8f0 <__stack+0x91>
     8e8:	21 5c       	subi	r18, 0xC1	; 193
     8ea:	3f 4f       	sbci	r19, 0xFF	; 255
     8ec:	4f 4f       	sbci	r20, 0xFF	; 255
     8ee:	5f 4f       	sbci	r21, 0xFF	; 255
     8f0:	e0 e0       	ldi	r30, 0x00	; 0
     8f2:	f0 e0       	ldi	r31, 0x00	; 0
     8f4:	20 30       	cpi	r18, 0x00	; 0
     8f6:	a0 e0       	ldi	r26, 0x00	; 0
     8f8:	3a 07       	cpc	r19, r26
     8fa:	a0 e0       	ldi	r26, 0x00	; 0
     8fc:	4a 07       	cpc	r20, r26
     8fe:	a0 e4       	ldi	r26, 0x40	; 64
     900:	5a 07       	cpc	r21, r26
     902:	10 f0       	brcs	.+4      	; 0x908 <__stack+0xa9>
     904:	e1 e0       	ldi	r30, 0x01	; 1
     906:	f0 e0       	ldi	r31, 0x00	; 0
     908:	79 01       	movw	r14, r18
     90a:	8a 01       	movw	r16, r20
     90c:	27 c0       	rjmp	.+78     	; 0x95c <__stack+0xfd>
     90e:	60 38       	cpi	r22, 0x80	; 128
     910:	71 05       	cpc	r23, r1
     912:	64 f5       	brge	.+88     	; 0x96c <__stack+0x10d>
     914:	fb 01       	movw	r30, r22
     916:	e1 58       	subi	r30, 0x81	; 129
     918:	ff 4f       	sbci	r31, 0xFF	; 255
     91a:	d8 01       	movw	r26, r16
     91c:	c7 01       	movw	r24, r14
     91e:	8f 77       	andi	r24, 0x7F	; 127
     920:	90 70       	andi	r25, 0x00	; 0
     922:	a0 70       	andi	r26, 0x00	; 0
     924:	b0 70       	andi	r27, 0x00	; 0
     926:	80 34       	cpi	r24, 0x40	; 64
     928:	91 05       	cpc	r25, r1
     92a:	a1 05       	cpc	r26, r1
     92c:	b1 05       	cpc	r27, r1
     92e:	39 f4       	brne	.+14     	; 0x93e <__stack+0xdf>
     930:	e7 fe       	sbrs	r14, 7
     932:	0d c0       	rjmp	.+26     	; 0x94e <__stack+0xef>
     934:	80 e4       	ldi	r24, 0x40	; 64
     936:	90 e0       	ldi	r25, 0x00	; 0
     938:	a0 e0       	ldi	r26, 0x00	; 0
     93a:	b0 e0       	ldi	r27, 0x00	; 0
     93c:	04 c0       	rjmp	.+8      	; 0x946 <__stack+0xe7>
     93e:	8f e3       	ldi	r24, 0x3F	; 63
     940:	90 e0       	ldi	r25, 0x00	; 0
     942:	a0 e0       	ldi	r26, 0x00	; 0
     944:	b0 e0       	ldi	r27, 0x00	; 0
     946:	e8 0e       	add	r14, r24
     948:	f9 1e       	adc	r15, r25
     94a:	0a 1f       	adc	r16, r26
     94c:	1b 1f       	adc	r17, r27
     94e:	17 ff       	sbrs	r17, 7
     950:	05 c0       	rjmp	.+10     	; 0x95c <__stack+0xfd>
     952:	16 95       	lsr	r17
     954:	07 95       	ror	r16
     956:	f7 94       	ror	r15
     958:	e7 94       	ror	r14
     95a:	31 96       	adiw	r30, 0x01	; 1
     95c:	87 e0       	ldi	r24, 0x07	; 7
     95e:	16 95       	lsr	r17
     960:	07 95       	ror	r16
     962:	f7 94       	ror	r15
     964:	e7 94       	ror	r14
     966:	8a 95       	dec	r24
     968:	d1 f7       	brne	.-12     	; 0x95e <__stack+0xff>
     96a:	05 c0       	rjmp	.+10     	; 0x976 <__stack+0x117>
     96c:	ee 24       	eor	r14, r14
     96e:	ff 24       	eor	r15, r15
     970:	87 01       	movw	r16, r14
     972:	ef ef       	ldi	r30, 0xFF	; 255
     974:	f0 e0       	ldi	r31, 0x00	; 0
     976:	6e 2f       	mov	r22, r30
     978:	67 95       	ror	r22
     97a:	66 27       	eor	r22, r22
     97c:	67 95       	ror	r22
     97e:	90 2f       	mov	r25, r16
     980:	9f 77       	andi	r25, 0x7F	; 127
     982:	d7 94       	ror	r13
     984:	dd 24       	eor	r13, r13
     986:	d7 94       	ror	r13
     988:	8e 2f       	mov	r24, r30
     98a:	86 95       	lsr	r24
     98c:	49 2f       	mov	r20, r25
     98e:	46 2b       	or	r20, r22
     990:	58 2f       	mov	r21, r24
     992:	5d 29       	or	r21, r13
     994:	b7 01       	movw	r22, r14
     996:	ca 01       	movw	r24, r20
     998:	1f 91       	pop	r17
     99a:	0f 91       	pop	r16
     99c:	ff 90       	pop	r15
     99e:	ef 90       	pop	r14
     9a0:	df 90       	pop	r13
     9a2:	08 95       	ret

000009a4 <__unpack_f>:
     9a4:	fc 01       	movw	r30, r24
     9a6:	db 01       	movw	r26, r22
     9a8:	40 81       	ld	r20, Z
     9aa:	51 81       	ldd	r21, Z+1	; 0x01
     9ac:	22 81       	ldd	r18, Z+2	; 0x02
     9ae:	62 2f       	mov	r22, r18
     9b0:	6f 77       	andi	r22, 0x7F	; 127
     9b2:	70 e0       	ldi	r23, 0x00	; 0
     9b4:	22 1f       	adc	r18, r18
     9b6:	22 27       	eor	r18, r18
     9b8:	22 1f       	adc	r18, r18
     9ba:	93 81       	ldd	r25, Z+3	; 0x03
     9bc:	89 2f       	mov	r24, r25
     9be:	88 0f       	add	r24, r24
     9c0:	82 2b       	or	r24, r18
     9c2:	28 2f       	mov	r18, r24
     9c4:	30 e0       	ldi	r19, 0x00	; 0
     9c6:	99 1f       	adc	r25, r25
     9c8:	99 27       	eor	r25, r25
     9ca:	99 1f       	adc	r25, r25
     9cc:	11 96       	adiw	r26, 0x01	; 1
     9ce:	9c 93       	st	X, r25
     9d0:	11 97       	sbiw	r26, 0x01	; 1
     9d2:	21 15       	cp	r18, r1
     9d4:	31 05       	cpc	r19, r1
     9d6:	a9 f5       	brne	.+106    	; 0xa42 <__unpack_f+0x9e>
     9d8:	41 15       	cp	r20, r1
     9da:	51 05       	cpc	r21, r1
     9dc:	61 05       	cpc	r22, r1
     9de:	71 05       	cpc	r23, r1
     9e0:	11 f4       	brne	.+4      	; 0x9e6 <__unpack_f+0x42>
     9e2:	82 e0       	ldi	r24, 0x02	; 2
     9e4:	37 c0       	rjmp	.+110    	; 0xa54 <__unpack_f+0xb0>
     9e6:	82 e8       	ldi	r24, 0x82	; 130
     9e8:	9f ef       	ldi	r25, 0xFF	; 255
     9ea:	13 96       	adiw	r26, 0x03	; 3
     9ec:	9c 93       	st	X, r25
     9ee:	8e 93       	st	-X, r24
     9f0:	12 97       	sbiw	r26, 0x02	; 2
     9f2:	9a 01       	movw	r18, r20
     9f4:	ab 01       	movw	r20, r22
     9f6:	67 e0       	ldi	r22, 0x07	; 7
     9f8:	22 0f       	add	r18, r18
     9fa:	33 1f       	adc	r19, r19
     9fc:	44 1f       	adc	r20, r20
     9fe:	55 1f       	adc	r21, r21
     a00:	6a 95       	dec	r22
     a02:	d1 f7       	brne	.-12     	; 0x9f8 <__unpack_f+0x54>
     a04:	83 e0       	ldi	r24, 0x03	; 3
     a06:	8c 93       	st	X, r24
     a08:	0d c0       	rjmp	.+26     	; 0xa24 <__unpack_f+0x80>
     a0a:	22 0f       	add	r18, r18
     a0c:	33 1f       	adc	r19, r19
     a0e:	44 1f       	adc	r20, r20
     a10:	55 1f       	adc	r21, r21
     a12:	12 96       	adiw	r26, 0x02	; 2
     a14:	8d 91       	ld	r24, X+
     a16:	9c 91       	ld	r25, X
     a18:	13 97       	sbiw	r26, 0x03	; 3
     a1a:	01 97       	sbiw	r24, 0x01	; 1
     a1c:	13 96       	adiw	r26, 0x03	; 3
     a1e:	9c 93       	st	X, r25
     a20:	8e 93       	st	-X, r24
     a22:	12 97       	sbiw	r26, 0x02	; 2
     a24:	20 30       	cpi	r18, 0x00	; 0
     a26:	80 e0       	ldi	r24, 0x00	; 0
     a28:	38 07       	cpc	r19, r24
     a2a:	80 e0       	ldi	r24, 0x00	; 0
     a2c:	48 07       	cpc	r20, r24
     a2e:	80 e4       	ldi	r24, 0x40	; 64
     a30:	58 07       	cpc	r21, r24
     a32:	58 f3       	brcs	.-42     	; 0xa0a <__unpack_f+0x66>
     a34:	14 96       	adiw	r26, 0x04	; 4
     a36:	2d 93       	st	X+, r18
     a38:	3d 93       	st	X+, r19
     a3a:	4d 93       	st	X+, r20
     a3c:	5c 93       	st	X, r21
     a3e:	17 97       	sbiw	r26, 0x07	; 7
     a40:	08 95       	ret
     a42:	2f 3f       	cpi	r18, 0xFF	; 255
     a44:	31 05       	cpc	r19, r1
     a46:	79 f4       	brne	.+30     	; 0xa66 <__unpack_f+0xc2>
     a48:	41 15       	cp	r20, r1
     a4a:	51 05       	cpc	r21, r1
     a4c:	61 05       	cpc	r22, r1
     a4e:	71 05       	cpc	r23, r1
     a50:	19 f4       	brne	.+6      	; 0xa58 <__unpack_f+0xb4>
     a52:	84 e0       	ldi	r24, 0x04	; 4
     a54:	8c 93       	st	X, r24
     a56:	08 95       	ret
     a58:	64 ff       	sbrs	r22, 4
     a5a:	03 c0       	rjmp	.+6      	; 0xa62 <__unpack_f+0xbe>
     a5c:	81 e0       	ldi	r24, 0x01	; 1
     a5e:	8c 93       	st	X, r24
     a60:	12 c0       	rjmp	.+36     	; 0xa86 <__unpack_f+0xe2>
     a62:	1c 92       	st	X, r1
     a64:	10 c0       	rjmp	.+32     	; 0xa86 <__unpack_f+0xe2>
     a66:	2f 57       	subi	r18, 0x7F	; 127
     a68:	30 40       	sbci	r19, 0x00	; 0
     a6a:	13 96       	adiw	r26, 0x03	; 3
     a6c:	3c 93       	st	X, r19
     a6e:	2e 93       	st	-X, r18
     a70:	12 97       	sbiw	r26, 0x02	; 2
     a72:	83 e0       	ldi	r24, 0x03	; 3
     a74:	8c 93       	st	X, r24
     a76:	87 e0       	ldi	r24, 0x07	; 7
     a78:	44 0f       	add	r20, r20
     a7a:	55 1f       	adc	r21, r21
     a7c:	66 1f       	adc	r22, r22
     a7e:	77 1f       	adc	r23, r23
     a80:	8a 95       	dec	r24
     a82:	d1 f7       	brne	.-12     	; 0xa78 <__unpack_f+0xd4>
     a84:	70 64       	ori	r23, 0x40	; 64
     a86:	14 96       	adiw	r26, 0x04	; 4
     a88:	4d 93       	st	X+, r20
     a8a:	5d 93       	st	X+, r21
     a8c:	6d 93       	st	X+, r22
     a8e:	7c 93       	st	X, r23
     a90:	17 97       	sbiw	r26, 0x07	; 7
     a92:	08 95       	ret

00000a94 <__fpcmp_parts_f>:
     a94:	1f 93       	push	r17
     a96:	dc 01       	movw	r26, r24
     a98:	fb 01       	movw	r30, r22
     a9a:	9c 91       	ld	r25, X
     a9c:	92 30       	cpi	r25, 0x02	; 2
     a9e:	08 f4       	brcc	.+2      	; 0xaa2 <__fpcmp_parts_f+0xe>
     aa0:	47 c0       	rjmp	.+142    	; 0xb30 <__fpcmp_parts_f+0x9c>
     aa2:	80 81       	ld	r24, Z
     aa4:	82 30       	cpi	r24, 0x02	; 2
     aa6:	08 f4       	brcc	.+2      	; 0xaaa <__fpcmp_parts_f+0x16>
     aa8:	43 c0       	rjmp	.+134    	; 0xb30 <__fpcmp_parts_f+0x9c>
     aaa:	94 30       	cpi	r25, 0x04	; 4
     aac:	51 f4       	brne	.+20     	; 0xac2 <__fpcmp_parts_f+0x2e>
     aae:	11 96       	adiw	r26, 0x01	; 1
     ab0:	1c 91       	ld	r17, X
     ab2:	84 30       	cpi	r24, 0x04	; 4
     ab4:	99 f5       	brne	.+102    	; 0xb1c <__fpcmp_parts_f+0x88>
     ab6:	81 81       	ldd	r24, Z+1	; 0x01
     ab8:	68 2f       	mov	r22, r24
     aba:	70 e0       	ldi	r23, 0x00	; 0
     abc:	61 1b       	sub	r22, r17
     abe:	71 09       	sbc	r23, r1
     ac0:	3f c0       	rjmp	.+126    	; 0xb40 <__fpcmp_parts_f+0xac>
     ac2:	84 30       	cpi	r24, 0x04	; 4
     ac4:	21 f0       	breq	.+8      	; 0xace <__fpcmp_parts_f+0x3a>
     ac6:	92 30       	cpi	r25, 0x02	; 2
     ac8:	31 f4       	brne	.+12     	; 0xad6 <__fpcmp_parts_f+0x42>
     aca:	82 30       	cpi	r24, 0x02	; 2
     acc:	b9 f1       	breq	.+110    	; 0xb3c <__fpcmp_parts_f+0xa8>
     ace:	81 81       	ldd	r24, Z+1	; 0x01
     ad0:	88 23       	and	r24, r24
     ad2:	89 f1       	breq	.+98     	; 0xb36 <__fpcmp_parts_f+0xa2>
     ad4:	2d c0       	rjmp	.+90     	; 0xb30 <__fpcmp_parts_f+0x9c>
     ad6:	11 96       	adiw	r26, 0x01	; 1
     ad8:	1c 91       	ld	r17, X
     ada:	11 97       	sbiw	r26, 0x01	; 1
     adc:	82 30       	cpi	r24, 0x02	; 2
     ade:	f1 f0       	breq	.+60     	; 0xb1c <__fpcmp_parts_f+0x88>
     ae0:	81 81       	ldd	r24, Z+1	; 0x01
     ae2:	18 17       	cp	r17, r24
     ae4:	d9 f4       	brne	.+54     	; 0xb1c <__fpcmp_parts_f+0x88>
     ae6:	12 96       	adiw	r26, 0x02	; 2
     ae8:	2d 91       	ld	r18, X+
     aea:	3c 91       	ld	r19, X
     aec:	13 97       	sbiw	r26, 0x03	; 3
     aee:	82 81       	ldd	r24, Z+2	; 0x02
     af0:	93 81       	ldd	r25, Z+3	; 0x03
     af2:	82 17       	cp	r24, r18
     af4:	93 07       	cpc	r25, r19
     af6:	94 f0       	brlt	.+36     	; 0xb1c <__fpcmp_parts_f+0x88>
     af8:	28 17       	cp	r18, r24
     afa:	39 07       	cpc	r19, r25
     afc:	bc f0       	brlt	.+46     	; 0xb2c <__fpcmp_parts_f+0x98>
     afe:	14 96       	adiw	r26, 0x04	; 4
     b00:	8d 91       	ld	r24, X+
     b02:	9d 91       	ld	r25, X+
     b04:	0d 90       	ld	r0, X+
     b06:	bc 91       	ld	r27, X
     b08:	a0 2d       	mov	r26, r0
     b0a:	24 81       	ldd	r18, Z+4	; 0x04
     b0c:	35 81       	ldd	r19, Z+5	; 0x05
     b0e:	46 81       	ldd	r20, Z+6	; 0x06
     b10:	57 81       	ldd	r21, Z+7	; 0x07
     b12:	28 17       	cp	r18, r24
     b14:	39 07       	cpc	r19, r25
     b16:	4a 07       	cpc	r20, r26
     b18:	5b 07       	cpc	r21, r27
     b1a:	18 f4       	brcc	.+6      	; 0xb22 <__fpcmp_parts_f+0x8e>
     b1c:	11 23       	and	r17, r17
     b1e:	41 f0       	breq	.+16     	; 0xb30 <__fpcmp_parts_f+0x9c>
     b20:	0a c0       	rjmp	.+20     	; 0xb36 <__fpcmp_parts_f+0xa2>
     b22:	82 17       	cp	r24, r18
     b24:	93 07       	cpc	r25, r19
     b26:	a4 07       	cpc	r26, r20
     b28:	b5 07       	cpc	r27, r21
     b2a:	40 f4       	brcc	.+16     	; 0xb3c <__fpcmp_parts_f+0xa8>
     b2c:	11 23       	and	r17, r17
     b2e:	19 f0       	breq	.+6      	; 0xb36 <__fpcmp_parts_f+0xa2>
     b30:	61 e0       	ldi	r22, 0x01	; 1
     b32:	70 e0       	ldi	r23, 0x00	; 0
     b34:	05 c0       	rjmp	.+10     	; 0xb40 <__fpcmp_parts_f+0xac>
     b36:	6f ef       	ldi	r22, 0xFF	; 255
     b38:	7f ef       	ldi	r23, 0xFF	; 255
     b3a:	02 c0       	rjmp	.+4      	; 0xb40 <__fpcmp_parts_f+0xac>
     b3c:	60 e0       	ldi	r22, 0x00	; 0
     b3e:	70 e0       	ldi	r23, 0x00	; 0
     b40:	cb 01       	movw	r24, r22
     b42:	1f 91       	pop	r17
     b44:	08 95       	ret

00000b46 <Atmega32_pins>:
#define ZERO_Condition (Sec_Tick_Units + Sec_Tick_Tens + Min_Tick_Units\
		+ Min_Tick_Tens + Hour_Tick_Units + Hour_Tick_Tens == 0)


void Atmega32_pins(void)
{
     b46:	df 93       	push	r29
     b48:	cf 93       	push	r28
     b4a:	00 d0       	rcall	.+0      	; 0xb4c <Atmega32_pins+0x6>
     b4c:	cd b7       	in	r28, 0x3d	; 61
     b4e:	de b7       	in	r29, 0x3e	; 62
	//Note: configuring without messing with other unused pins

	DDRA |= 0x3F; 				//Setting PA0..5 to 1
     b50:	aa e3       	ldi	r26, 0x3A	; 58
     b52:	b0 e0       	ldi	r27, 0x00	; 0
     b54:	ea e3       	ldi	r30, 0x3A	; 58
     b56:	f0 e0       	ldi	r31, 0x00	; 0
     b58:	80 81       	ld	r24, Z
     b5a:	8f 63       	ori	r24, 0x3F	; 63
     b5c:	8c 93       	st	X, r24
	DDRB &= 0x00; 				//Setting PB0..7 to 0
     b5e:	e7 e3       	ldi	r30, 0x37	; 55
     b60:	f0 e0       	ldi	r31, 0x00	; 0
     b62:	80 81       	ld	r24, Z
     b64:	e7 e3       	ldi	r30, 0x37	; 55
     b66:	f0 e0       	ldi	r31, 0x00	; 0
     b68:	10 82       	st	Z, r1
	DDRC |= 0x0F; 				//Setting PC0..3 to 0
     b6a:	a4 e3       	ldi	r26, 0x34	; 52
     b6c:	b0 e0       	ldi	r27, 0x00	; 0
     b6e:	e4 e3       	ldi	r30, 0x34	; 52
     b70:	f0 e0       	ldi	r31, 0x00	; 0
     b72:	80 81       	ld	r24, Z
     b74:	8f 60       	ori	r24, 0x0F	; 15
     b76:	8c 93       	st	X, r24
	DDRD = (DDRD | 0x31) & 0xF3;//Setting PD0, PD4, PD5 to 1, And PD2, PD3 to 0
     b78:	a1 e3       	ldi	r26, 0x31	; 49
     b7a:	b0 e0       	ldi	r27, 0x00	; 0
     b7c:	e1 e3       	ldi	r30, 0x31	; 49
     b7e:	f0 e0       	ldi	r31, 0x00	; 0
     b80:	80 81       	ld	r24, Z
     b82:	82 7c       	andi	r24, 0xC2	; 194
     b84:	81 63       	ori	r24, 0x31	; 49
     b86:	8c 93       	st	X, r24
	PORTB |= 0xFF; 				//ensuring HIGH on the port input pins when not pressed
     b88:	e8 e3       	ldi	r30, 0x38	; 56
     b8a:	f0 e0       	ldi	r31, 0x00	; 0
     b8c:	80 81       	ld	r24, Z
     b8e:	e8 e3       	ldi	r30, 0x38	; 56
     b90:	f0 e0       	ldi	r31, 0x00	; 0
     b92:	8f ef       	ldi	r24, 0xFF	; 255
     b94:	80 83       	st	Z, r24
	PORTC &= 0xF0;				//Initial value of decoder
     b96:	a5 e3       	ldi	r26, 0x35	; 53
     b98:	b0 e0       	ldi	r27, 0x00	; 0
     b9a:	e5 e3       	ldi	r30, 0x35	; 53
     b9c:	f0 e0       	ldi	r31, 0x00	; 0
     b9e:	80 81       	ld	r24, Z
     ba0:	80 7f       	andi	r24, 0xF0	; 240
     ba2:	8c 93       	st	X, r24
	PORTD |= (1 << PD2);
     ba4:	a2 e3       	ldi	r26, 0x32	; 50
     ba6:	b0 e0       	ldi	r27, 0x00	; 0
     ba8:	e2 e3       	ldi	r30, 0x32	; 50
     baa:	f0 e0       	ldi	r31, 0x00	; 0
     bac:	80 81       	ld	r24, Z
     bae:	84 60       	ori	r24, 0x04	; 4
     bb0:	8c 93       	st	X, r24
}
     bb2:	0f 90       	pop	r0
     bb4:	0f 90       	pop	r0
     bb6:	cf 91       	pop	r28
     bb8:	df 91       	pop	r29
     bba:	08 95       	ret

00000bbc <Mode_Up_Down>:
unsigned char flag5 = 0;
unsigned char flag6 = 0;

//Mode Button
void Mode_Up_Down()
{
     bbc:	df 93       	push	r29
     bbe:	cf 93       	push	r28
     bc0:	cd b7       	in	r28, 0x3d	; 61
     bc2:	de b7       	in	r29, 0x3e	; 62
	if (!(PINB & (1 << PB7)) && Mode_Switch == 0)
     bc4:	e6 e3       	ldi	r30, 0x36	; 54
     bc6:	f0 e0       	ldi	r31, 0x00	; 0
     bc8:	80 81       	ld	r24, Z
     bca:	88 23       	and	r24, r24
     bcc:	6c f0       	brlt	.+26     	; 0xbe8 <Mode_Up_Down+0x2c>
     bce:	80 91 6e 00 	lds	r24, 0x006E
     bd2:	88 23       	and	r24, r24
     bd4:	49 f4       	brne	.+18     	; 0xbe8 <Mode_Up_Down+0x2c>
	{
		while (!(PINB & (1 << PB7)))
     bd6:	e6 e3       	ldi	r30, 0x36	; 54
     bd8:	f0 e0       	ldi	r31, 0x00	; 0
     bda:	80 81       	ld	r24, Z
     bdc:	88 23       	and	r24, r24
     bde:	dc f7       	brge	.-10     	; 0xbd6 <Mode_Up_Down+0x1a>
		{

		}
		Mode_Switch = 1;
     be0:	81 e0       	ldi	r24, 0x01	; 1
     be2:	80 93 6e 00 	sts	0x006E, r24
     be6:	10 c0       	rjmp	.+32     	; 0xc08 <Mode_Up_Down+0x4c>
	}

	else if ((!(PINB & (1 << PB7))) && Mode_Switch == 1)
     be8:	e6 e3       	ldi	r30, 0x36	; 54
     bea:	f0 e0       	ldi	r31, 0x00	; 0
     bec:	80 81       	ld	r24, Z
     bee:	88 23       	and	r24, r24
     bf0:	5c f0       	brlt	.+22     	; 0xc08 <Mode_Up_Down+0x4c>
     bf2:	80 91 6e 00 	lds	r24, 0x006E
     bf6:	81 30       	cpi	r24, 0x01	; 1
     bf8:	39 f4       	brne	.+14     	; 0xc08 <Mode_Up_Down+0x4c>
	{
		while (!(PINB & (1 << PB7)))
     bfa:	e6 e3       	ldi	r30, 0x36	; 54
     bfc:	f0 e0       	ldi	r31, 0x00	; 0
     bfe:	80 81       	ld	r24, Z
     c00:	88 23       	and	r24, r24
     c02:	dc f7       	brge	.-10     	; 0xbfa <Mode_Up_Down+0x3e>
		{

		}
		Mode_Switch = 0;
     c04:	10 92 6e 00 	sts	0x006E, r1
	}
}
     c08:	cf 91       	pop	r28
     c0a:	df 91       	pop	r29
     c0c:	08 95       	ret

00000c0e <Enable_Up_Down>:

//Multiplexing the 7-Segment Display:
void Enable_Up_Down()
{
     c0e:	0f 93       	push	r16
     c10:	1f 93       	push	r17
     c12:	df 93       	push	r29
     c14:	cf 93       	push	r28
     c16:	cd b7       	in	r28, 0x3d	; 61
     c18:	de b7       	in	r29, 0x3e	; 62
     c1a:	c4 55       	subi	r28, 0x54	; 84
     c1c:	d0 40       	sbci	r29, 0x00	; 0
     c1e:	0f b6       	in	r0, 0x3f	; 63
     c20:	f8 94       	cli
     c22:	de bf       	out	0x3e, r29	; 62
     c24:	0f be       	out	0x3f, r0	; 63
     c26:	cd bf       	out	0x3d, r28	; 61
	/*rounding and enabling on the 7-segments displays*/
	PORTA |= (1 << PA5);
     c28:	ab e3       	ldi	r26, 0x3B	; 59
     c2a:	b0 e0       	ldi	r27, 0x00	; 0
     c2c:	eb e3       	ldi	r30, 0x3B	; 59
     c2e:	f0 e0       	ldi	r31, 0x00	; 0
     c30:	80 81       	ld	r24, Z
     c32:	80 62       	ori	r24, 0x20	; 32
     c34:	8c 93       	st	X, r24
	PORTC = Sec_Tick_Units;
     c36:	e5 e3       	ldi	r30, 0x35	; 53
     c38:	f0 e0       	ldi	r31, 0x00	; 0
     c3a:	80 91 68 00 	lds	r24, 0x0068
     c3e:	80 83       	st	Z, r24
     c40:	fe 01       	movw	r30, r28
     c42:	ef 5a       	subi	r30, 0xAF	; 175
     c44:	ff 4f       	sbci	r31, 0xFF	; 255
     c46:	80 e0       	ldi	r24, 0x00	; 0
     c48:	90 e0       	ldi	r25, 0x00	; 0
     c4a:	a0 e0       	ldi	r26, 0x00	; 0
     c4c:	b0 e4       	ldi	r27, 0x40	; 64
     c4e:	80 83       	st	Z, r24
     c50:	91 83       	std	Z+1, r25	; 0x01
     c52:	a2 83       	std	Z+2, r26	; 0x02
     c54:	b3 83       	std	Z+3, r27	; 0x03
 */
void
_delay_ms(double __ms)
{
	uint16_t __ticks;
	double __tmp = ((F_CPU) / 4e3) * __ms;
     c56:	8e 01       	movw	r16, r28
     c58:	03 5b       	subi	r16, 0xB3	; 179
     c5a:	1f 4f       	sbci	r17, 0xFF	; 255
     c5c:	fe 01       	movw	r30, r28
     c5e:	ef 5a       	subi	r30, 0xAF	; 175
     c60:	ff 4f       	sbci	r31, 0xFF	; 255
     c62:	60 81       	ld	r22, Z
     c64:	71 81       	ldd	r23, Z+1	; 0x01
     c66:	82 81       	ldd	r24, Z+2	; 0x02
     c68:	93 81       	ldd	r25, Z+3	; 0x03
     c6a:	20 e0       	ldi	r18, 0x00	; 0
     c6c:	30 e0       	ldi	r19, 0x00	; 0
     c6e:	4a e7       	ldi	r20, 0x7A	; 122
     c70:	55 e4       	ldi	r21, 0x45	; 69
     c72:	0e 94 1f 02 	call	0x43e	; 0x43e <__mulsf3>
     c76:	dc 01       	movw	r26, r24
     c78:	cb 01       	movw	r24, r22
     c7a:	f8 01       	movw	r30, r16
     c7c:	80 83       	st	Z, r24
     c7e:	91 83       	std	Z+1, r25	; 0x01
     c80:	a2 83       	std	Z+2, r26	; 0x02
     c82:	b3 83       	std	Z+3, r27	; 0x03
	if (__tmp < 1.0)
     c84:	fe 01       	movw	r30, r28
     c86:	e3 5b       	subi	r30, 0xB3	; 179
     c88:	ff 4f       	sbci	r31, 0xFF	; 255
     c8a:	60 81       	ld	r22, Z
     c8c:	71 81       	ldd	r23, Z+1	; 0x01
     c8e:	82 81       	ldd	r24, Z+2	; 0x02
     c90:	93 81       	ldd	r25, Z+3	; 0x03
     c92:	20 e0       	ldi	r18, 0x00	; 0
     c94:	30 e0       	ldi	r19, 0x00	; 0
     c96:	40 e8       	ldi	r20, 0x80	; 128
     c98:	5f e3       	ldi	r21, 0x3F	; 63
     c9a:	0e 94 79 03 	call	0x6f2	; 0x6f2 <__ltsf2>
     c9e:	88 23       	and	r24, r24
     ca0:	44 f4       	brge	.+16     	; 0xcb2 <Enable_Up_Down+0xa4>
		__ticks = 1;
     ca2:	fe 01       	movw	r30, r28
     ca4:	e5 5b       	subi	r30, 0xB5	; 181
     ca6:	ff 4f       	sbci	r31, 0xFF	; 255
     ca8:	81 e0       	ldi	r24, 0x01	; 1
     caa:	90 e0       	ldi	r25, 0x00	; 0
     cac:	91 83       	std	Z+1, r25	; 0x01
     cae:	80 83       	st	Z, r24
     cb0:	64 c0       	rjmp	.+200    	; 0xd7a <Enable_Up_Down+0x16c>
	else if (__tmp > 65535)
     cb2:	fe 01       	movw	r30, r28
     cb4:	e3 5b       	subi	r30, 0xB3	; 179
     cb6:	ff 4f       	sbci	r31, 0xFF	; 255
     cb8:	60 81       	ld	r22, Z
     cba:	71 81       	ldd	r23, Z+1	; 0x01
     cbc:	82 81       	ldd	r24, Z+2	; 0x02
     cbe:	93 81       	ldd	r25, Z+3	; 0x03
     cc0:	20 e0       	ldi	r18, 0x00	; 0
     cc2:	3f ef       	ldi	r19, 0xFF	; 255
     cc4:	4f e7       	ldi	r20, 0x7F	; 127
     cc6:	57 e4       	ldi	r21, 0x47	; 71
     cc8:	0e 94 19 03 	call	0x632	; 0x632 <__gtsf2>
     ccc:	18 16       	cp	r1, r24
     cce:	0c f0       	brlt	.+2      	; 0xcd2 <Enable_Up_Down+0xc4>
     cd0:	43 c0       	rjmp	.+134    	; 0xd58 <Enable_Up_Down+0x14a>
	{
		//	__ticks = requested delay in 1/10 ms
		__ticks = (uint16_t) (__ms * 10.0);
     cd2:	fe 01       	movw	r30, r28
     cd4:	ef 5a       	subi	r30, 0xAF	; 175
     cd6:	ff 4f       	sbci	r31, 0xFF	; 255
     cd8:	60 81       	ld	r22, Z
     cda:	71 81       	ldd	r23, Z+1	; 0x01
     cdc:	82 81       	ldd	r24, Z+2	; 0x02
     cde:	93 81       	ldd	r25, Z+3	; 0x03
     ce0:	20 e0       	ldi	r18, 0x00	; 0
     ce2:	30 e0       	ldi	r19, 0x00	; 0
     ce4:	40 e2       	ldi	r20, 0x20	; 32
     ce6:	51 e4       	ldi	r21, 0x41	; 65
     ce8:	0e 94 1f 02 	call	0x43e	; 0x43e <__mulsf3>
     cec:	dc 01       	movw	r26, r24
     cee:	cb 01       	movw	r24, r22
     cf0:	8e 01       	movw	r16, r28
     cf2:	05 5b       	subi	r16, 0xB5	; 181
     cf4:	1f 4f       	sbci	r17, 0xFF	; 255
     cf6:	bc 01       	movw	r22, r24
     cf8:	cd 01       	movw	r24, r26
     cfa:	0e 94 49 00 	call	0x92	; 0x92 <__fixunssfsi>
     cfe:	dc 01       	movw	r26, r24
     d00:	cb 01       	movw	r24, r22
     d02:	f8 01       	movw	r30, r16
     d04:	91 83       	std	Z+1, r25	; 0x01
     d06:	80 83       	st	Z, r24
     d08:	1f c0       	rjmp	.+62     	; 0xd48 <Enable_Up_Down+0x13a>
     d0a:	fe 01       	movw	r30, r28
     d0c:	e7 5b       	subi	r30, 0xB7	; 183
     d0e:	ff 4f       	sbci	r31, 0xFF	; 255
     d10:	80 e9       	ldi	r24, 0x90	; 144
     d12:	91 e0       	ldi	r25, 0x01	; 1
     d14:	91 83       	std	Z+1, r25	; 0x01
     d16:	80 83       	st	Z, r24
    milliseconds can be achieved.
 */
void
_delay_loop_2(uint16_t __count)
{
	__asm__ volatile (
     d18:	fe 01       	movw	r30, r28
     d1a:	e7 5b       	subi	r30, 0xB7	; 183
     d1c:	ff 4f       	sbci	r31, 0xFF	; 255
     d1e:	80 81       	ld	r24, Z
     d20:	91 81       	ldd	r25, Z+1	; 0x01
     d22:	01 97       	sbiw	r24, 0x01	; 1
     d24:	f1 f7       	brne	.-4      	; 0xd22 <Enable_Up_Down+0x114>
     d26:	fe 01       	movw	r30, r28
     d28:	e7 5b       	subi	r30, 0xB7	; 183
     d2a:	ff 4f       	sbci	r31, 0xFF	; 255
     d2c:	91 83       	std	Z+1, r25	; 0x01
     d2e:	80 83       	st	Z, r24
		while(__ticks)
		{
			// wait 1/10 ms
			_delay_loop_2(((F_CPU) / 4e3) / 10);
			__ticks --;
     d30:	de 01       	movw	r26, r28
     d32:	a5 5b       	subi	r26, 0xB5	; 181
     d34:	bf 4f       	sbci	r27, 0xFF	; 255
     d36:	fe 01       	movw	r30, r28
     d38:	e5 5b       	subi	r30, 0xB5	; 181
     d3a:	ff 4f       	sbci	r31, 0xFF	; 255
     d3c:	80 81       	ld	r24, Z
     d3e:	91 81       	ldd	r25, Z+1	; 0x01
     d40:	01 97       	sbiw	r24, 0x01	; 1
     d42:	11 96       	adiw	r26, 0x01	; 1
     d44:	9c 93       	st	X, r25
     d46:	8e 93       	st	-X, r24
		__ticks = 1;
	else if (__tmp > 65535)
	{
		//	__ticks = requested delay in 1/10 ms
		__ticks = (uint16_t) (__ms * 10.0);
		while(__ticks)
     d48:	fe 01       	movw	r30, r28
     d4a:	e5 5b       	subi	r30, 0xB5	; 181
     d4c:	ff 4f       	sbci	r31, 0xFF	; 255
     d4e:	80 81       	ld	r24, Z
     d50:	91 81       	ldd	r25, Z+1	; 0x01
     d52:	00 97       	sbiw	r24, 0x00	; 0
     d54:	d1 f6       	brne	.-76     	; 0xd0a <Enable_Up_Down+0xfc>
     d56:	27 c0       	rjmp	.+78     	; 0xda6 <Enable_Up_Down+0x198>
			__ticks --;
		}
		return;
	}
	else
		__ticks = (uint16_t)__tmp;
     d58:	8e 01       	movw	r16, r28
     d5a:	05 5b       	subi	r16, 0xB5	; 181
     d5c:	1f 4f       	sbci	r17, 0xFF	; 255
     d5e:	fe 01       	movw	r30, r28
     d60:	e3 5b       	subi	r30, 0xB3	; 179
     d62:	ff 4f       	sbci	r31, 0xFF	; 255
     d64:	60 81       	ld	r22, Z
     d66:	71 81       	ldd	r23, Z+1	; 0x01
     d68:	82 81       	ldd	r24, Z+2	; 0x02
     d6a:	93 81       	ldd	r25, Z+3	; 0x03
     d6c:	0e 94 49 00 	call	0x92	; 0x92 <__fixunssfsi>
     d70:	dc 01       	movw	r26, r24
     d72:	cb 01       	movw	r24, r22
     d74:	f8 01       	movw	r30, r16
     d76:	91 83       	std	Z+1, r25	; 0x01
     d78:	80 83       	st	Z, r24
     d7a:	de 01       	movw	r26, r28
     d7c:	a9 5b       	subi	r26, 0xB9	; 185
     d7e:	bf 4f       	sbci	r27, 0xFF	; 255
     d80:	fe 01       	movw	r30, r28
     d82:	e5 5b       	subi	r30, 0xB5	; 181
     d84:	ff 4f       	sbci	r31, 0xFF	; 255
     d86:	80 81       	ld	r24, Z
     d88:	91 81       	ldd	r25, Z+1	; 0x01
     d8a:	8d 93       	st	X+, r24
     d8c:	9c 93       	st	X, r25
     d8e:	fe 01       	movw	r30, r28
     d90:	e9 5b       	subi	r30, 0xB9	; 185
     d92:	ff 4f       	sbci	r31, 0xFF	; 255
     d94:	80 81       	ld	r24, Z
     d96:	91 81       	ldd	r25, Z+1	; 0x01
     d98:	01 97       	sbiw	r24, 0x01	; 1
     d9a:	f1 f7       	brne	.-4      	; 0xd98 <Enable_Up_Down+0x18a>
     d9c:	fe 01       	movw	r30, r28
     d9e:	e9 5b       	subi	r30, 0xB9	; 185
     da0:	ff 4f       	sbci	r31, 0xFF	; 255
     da2:	91 83       	std	Z+1, r25	; 0x01
     da4:	80 83       	st	Z, r24
	_delay_ms(2);
	PORTA &= ~(1 << PA5);
     da6:	ab e3       	ldi	r26, 0x3B	; 59
     da8:	b0 e0       	ldi	r27, 0x00	; 0
     daa:	eb e3       	ldi	r30, 0x3B	; 59
     dac:	f0 e0       	ldi	r31, 0x00	; 0
     dae:	80 81       	ld	r24, Z
     db0:	8f 7d       	andi	r24, 0xDF	; 223
     db2:	8c 93       	st	X, r24

	PORTA |= (1 << PA4);
     db4:	ab e3       	ldi	r26, 0x3B	; 59
     db6:	b0 e0       	ldi	r27, 0x00	; 0
     db8:	eb e3       	ldi	r30, 0x3B	; 59
     dba:	f0 e0       	ldi	r31, 0x00	; 0
     dbc:	80 81       	ld	r24, Z
     dbe:	80 61       	ori	r24, 0x10	; 16
     dc0:	8c 93       	st	X, r24
	PORTC = Sec_Tick_Tens;
     dc2:	e5 e3       	ldi	r30, 0x35	; 53
     dc4:	f0 e0       	ldi	r31, 0x00	; 0
     dc6:	80 91 69 00 	lds	r24, 0x0069
     dca:	80 83       	st	Z, r24
     dcc:	fe 01       	movw	r30, r28
     dce:	ed 5b       	subi	r30, 0xBD	; 189
     dd0:	ff 4f       	sbci	r31, 0xFF	; 255
     dd2:	80 e0       	ldi	r24, 0x00	; 0
     dd4:	90 e0       	ldi	r25, 0x00	; 0
     dd6:	a0 e0       	ldi	r26, 0x00	; 0
     dd8:	b0 e4       	ldi	r27, 0x40	; 64
     dda:	80 83       	st	Z, r24
     ddc:	91 83       	std	Z+1, r25	; 0x01
     dde:	a2 83       	std	Z+2, r26	; 0x02
     de0:	b3 83       	std	Z+3, r27	; 0x03
 */
void
_delay_ms(double __ms)
{
	uint16_t __ticks;
	double __tmp = ((F_CPU) / 4e3) * __ms;
     de2:	8e 01       	movw	r16, r28
     de4:	01 5c       	subi	r16, 0xC1	; 193
     de6:	1f 4f       	sbci	r17, 0xFF	; 255
     de8:	fe 01       	movw	r30, r28
     dea:	ed 5b       	subi	r30, 0xBD	; 189
     dec:	ff 4f       	sbci	r31, 0xFF	; 255
     dee:	60 81       	ld	r22, Z
     df0:	71 81       	ldd	r23, Z+1	; 0x01
     df2:	82 81       	ldd	r24, Z+2	; 0x02
     df4:	93 81       	ldd	r25, Z+3	; 0x03
     df6:	20 e0       	ldi	r18, 0x00	; 0
     df8:	30 e0       	ldi	r19, 0x00	; 0
     dfa:	4a e7       	ldi	r20, 0x7A	; 122
     dfc:	55 e4       	ldi	r21, 0x45	; 69
     dfe:	0e 94 1f 02 	call	0x43e	; 0x43e <__mulsf3>
     e02:	dc 01       	movw	r26, r24
     e04:	cb 01       	movw	r24, r22
     e06:	f8 01       	movw	r30, r16
     e08:	80 83       	st	Z, r24
     e0a:	91 83       	std	Z+1, r25	; 0x01
     e0c:	a2 83       	std	Z+2, r26	; 0x02
     e0e:	b3 83       	std	Z+3, r27	; 0x03
	if (__tmp < 1.0)
     e10:	fe 01       	movw	r30, r28
     e12:	ff 96       	adiw	r30, 0x3f	; 63
     e14:	60 81       	ld	r22, Z
     e16:	71 81       	ldd	r23, Z+1	; 0x01
     e18:	82 81       	ldd	r24, Z+2	; 0x02
     e1a:	93 81       	ldd	r25, Z+3	; 0x03
     e1c:	20 e0       	ldi	r18, 0x00	; 0
     e1e:	30 e0       	ldi	r19, 0x00	; 0
     e20:	40 e8       	ldi	r20, 0x80	; 128
     e22:	5f e3       	ldi	r21, 0x3F	; 63
     e24:	0e 94 79 03 	call	0x6f2	; 0x6f2 <__ltsf2>
     e28:	88 23       	and	r24, r24
     e2a:	2c f4       	brge	.+10     	; 0xe36 <Enable_Up_Down+0x228>
		__ticks = 1;
     e2c:	81 e0       	ldi	r24, 0x01	; 1
     e2e:	90 e0       	ldi	r25, 0x00	; 0
     e30:	9e af       	std	Y+62, r25	; 0x3e
     e32:	8d af       	std	Y+61, r24	; 0x3d
     e34:	46 c0       	rjmp	.+140    	; 0xec2 <Enable_Up_Down+0x2b4>
	else if (__tmp > 65535)
     e36:	fe 01       	movw	r30, r28
     e38:	ff 96       	adiw	r30, 0x3f	; 63
     e3a:	60 81       	ld	r22, Z
     e3c:	71 81       	ldd	r23, Z+1	; 0x01
     e3e:	82 81       	ldd	r24, Z+2	; 0x02
     e40:	93 81       	ldd	r25, Z+3	; 0x03
     e42:	20 e0       	ldi	r18, 0x00	; 0
     e44:	3f ef       	ldi	r19, 0xFF	; 255
     e46:	4f e7       	ldi	r20, 0x7F	; 127
     e48:	57 e4       	ldi	r21, 0x47	; 71
     e4a:	0e 94 19 03 	call	0x632	; 0x632 <__gtsf2>
     e4e:	18 16       	cp	r1, r24
     e50:	64 f5       	brge	.+88     	; 0xeaa <Enable_Up_Down+0x29c>
	{
		//	__ticks = requested delay in 1/10 ms
		__ticks = (uint16_t) (__ms * 10.0);
     e52:	fe 01       	movw	r30, r28
     e54:	ed 5b       	subi	r30, 0xBD	; 189
     e56:	ff 4f       	sbci	r31, 0xFF	; 255
     e58:	60 81       	ld	r22, Z
     e5a:	71 81       	ldd	r23, Z+1	; 0x01
     e5c:	82 81       	ldd	r24, Z+2	; 0x02
     e5e:	93 81       	ldd	r25, Z+3	; 0x03
     e60:	20 e0       	ldi	r18, 0x00	; 0
     e62:	30 e0       	ldi	r19, 0x00	; 0
     e64:	40 e2       	ldi	r20, 0x20	; 32
     e66:	51 e4       	ldi	r21, 0x41	; 65
     e68:	0e 94 1f 02 	call	0x43e	; 0x43e <__mulsf3>
     e6c:	dc 01       	movw	r26, r24
     e6e:	cb 01       	movw	r24, r22
     e70:	bc 01       	movw	r22, r24
     e72:	cd 01       	movw	r24, r26
     e74:	0e 94 49 00 	call	0x92	; 0x92 <__fixunssfsi>
     e78:	dc 01       	movw	r26, r24
     e7a:	cb 01       	movw	r24, r22
     e7c:	9e af       	std	Y+62, r25	; 0x3e
     e7e:	8d af       	std	Y+61, r24	; 0x3d
     e80:	0f c0       	rjmp	.+30     	; 0xea0 <Enable_Up_Down+0x292>
     e82:	80 e9       	ldi	r24, 0x90	; 144
     e84:	91 e0       	ldi	r25, 0x01	; 1
     e86:	9c af       	std	Y+60, r25	; 0x3c
     e88:	8b af       	std	Y+59, r24	; 0x3b
     e8a:	8b ad       	ldd	r24, Y+59	; 0x3b
     e8c:	9c ad       	ldd	r25, Y+60	; 0x3c
     e8e:	01 97       	sbiw	r24, 0x01	; 1
     e90:	f1 f7       	brne	.-4      	; 0xe8e <Enable_Up_Down+0x280>
     e92:	9c af       	std	Y+60, r25	; 0x3c
     e94:	8b af       	std	Y+59, r24	; 0x3b
		while(__ticks)
		{
			// wait 1/10 ms
			_delay_loop_2(((F_CPU) / 4e3) / 10);
			__ticks --;
     e96:	8d ad       	ldd	r24, Y+61	; 0x3d
     e98:	9e ad       	ldd	r25, Y+62	; 0x3e
     e9a:	01 97       	sbiw	r24, 0x01	; 1
     e9c:	9e af       	std	Y+62, r25	; 0x3e
     e9e:	8d af       	std	Y+61, r24	; 0x3d
		__ticks = 1;
	else if (__tmp > 65535)
	{
		//	__ticks = requested delay in 1/10 ms
		__ticks = (uint16_t) (__ms * 10.0);
		while(__ticks)
     ea0:	8d ad       	ldd	r24, Y+61	; 0x3d
     ea2:	9e ad       	ldd	r25, Y+62	; 0x3e
     ea4:	00 97       	sbiw	r24, 0x00	; 0
     ea6:	69 f7       	brne	.-38     	; 0xe82 <Enable_Up_Down+0x274>
     ea8:	16 c0       	rjmp	.+44     	; 0xed6 <Enable_Up_Down+0x2c8>
			__ticks --;
		}
		return;
	}
	else
		__ticks = (uint16_t)__tmp;
     eaa:	fe 01       	movw	r30, r28
     eac:	ff 96       	adiw	r30, 0x3f	; 63
     eae:	60 81       	ld	r22, Z
     eb0:	71 81       	ldd	r23, Z+1	; 0x01
     eb2:	82 81       	ldd	r24, Z+2	; 0x02
     eb4:	93 81       	ldd	r25, Z+3	; 0x03
     eb6:	0e 94 49 00 	call	0x92	; 0x92 <__fixunssfsi>
     eba:	dc 01       	movw	r26, r24
     ebc:	cb 01       	movw	r24, r22
     ebe:	9e af       	std	Y+62, r25	; 0x3e
     ec0:	8d af       	std	Y+61, r24	; 0x3d
     ec2:	8d ad       	ldd	r24, Y+61	; 0x3d
     ec4:	9e ad       	ldd	r25, Y+62	; 0x3e
     ec6:	9a af       	std	Y+58, r25	; 0x3a
     ec8:	89 af       	std	Y+57, r24	; 0x39
     eca:	89 ad       	ldd	r24, Y+57	; 0x39
     ecc:	9a ad       	ldd	r25, Y+58	; 0x3a
     ece:	01 97       	sbiw	r24, 0x01	; 1
     ed0:	f1 f7       	brne	.-4      	; 0xece <Enable_Up_Down+0x2c0>
     ed2:	9a af       	std	Y+58, r25	; 0x3a
     ed4:	89 af       	std	Y+57, r24	; 0x39
	_delay_ms(2);
	PORTA &= ~(1 << PA4);
     ed6:	ab e3       	ldi	r26, 0x3B	; 59
     ed8:	b0 e0       	ldi	r27, 0x00	; 0
     eda:	eb e3       	ldi	r30, 0x3B	; 59
     edc:	f0 e0       	ldi	r31, 0x00	; 0
     ede:	80 81       	ld	r24, Z
     ee0:	8f 7e       	andi	r24, 0xEF	; 239
     ee2:	8c 93       	st	X, r24

	PORTA |= (1 << PA3);
     ee4:	ab e3       	ldi	r26, 0x3B	; 59
     ee6:	b0 e0       	ldi	r27, 0x00	; 0
     ee8:	eb e3       	ldi	r30, 0x3B	; 59
     eea:	f0 e0       	ldi	r31, 0x00	; 0
     eec:	80 81       	ld	r24, Z
     eee:	88 60       	ori	r24, 0x08	; 8
     ef0:	8c 93       	st	X, r24
	PORTC = Min_Tick_Units;
     ef2:	e5 e3       	ldi	r30, 0x35	; 53
     ef4:	f0 e0       	ldi	r31, 0x00	; 0
     ef6:	80 91 6a 00 	lds	r24, 0x006A
     efa:	80 83       	st	Z, r24
     efc:	80 e0       	ldi	r24, 0x00	; 0
     efe:	90 e0       	ldi	r25, 0x00	; 0
     f00:	a0 e0       	ldi	r26, 0x00	; 0
     f02:	b0 e4       	ldi	r27, 0x40	; 64
     f04:	8d ab       	std	Y+53, r24	; 0x35
     f06:	9e ab       	std	Y+54, r25	; 0x36
     f08:	af ab       	std	Y+55, r26	; 0x37
     f0a:	b8 af       	std	Y+56, r27	; 0x38
 */
void
_delay_ms(double __ms)
{
	uint16_t __ticks;
	double __tmp = ((F_CPU) / 4e3) * __ms;
     f0c:	6d a9       	ldd	r22, Y+53	; 0x35
     f0e:	7e a9       	ldd	r23, Y+54	; 0x36
     f10:	8f a9       	ldd	r24, Y+55	; 0x37
     f12:	98 ad       	ldd	r25, Y+56	; 0x38
     f14:	20 e0       	ldi	r18, 0x00	; 0
     f16:	30 e0       	ldi	r19, 0x00	; 0
     f18:	4a e7       	ldi	r20, 0x7A	; 122
     f1a:	55 e4       	ldi	r21, 0x45	; 69
     f1c:	0e 94 1f 02 	call	0x43e	; 0x43e <__mulsf3>
     f20:	dc 01       	movw	r26, r24
     f22:	cb 01       	movw	r24, r22
     f24:	89 ab       	std	Y+49, r24	; 0x31
     f26:	9a ab       	std	Y+50, r25	; 0x32
     f28:	ab ab       	std	Y+51, r26	; 0x33
     f2a:	bc ab       	std	Y+52, r27	; 0x34
	if (__tmp < 1.0)
     f2c:	69 a9       	ldd	r22, Y+49	; 0x31
     f2e:	7a a9       	ldd	r23, Y+50	; 0x32
     f30:	8b a9       	ldd	r24, Y+51	; 0x33
     f32:	9c a9       	ldd	r25, Y+52	; 0x34
     f34:	20 e0       	ldi	r18, 0x00	; 0
     f36:	30 e0       	ldi	r19, 0x00	; 0
     f38:	40 e8       	ldi	r20, 0x80	; 128
     f3a:	5f e3       	ldi	r21, 0x3F	; 63
     f3c:	0e 94 79 03 	call	0x6f2	; 0x6f2 <__ltsf2>
     f40:	88 23       	and	r24, r24
     f42:	2c f4       	brge	.+10     	; 0xf4e <Enable_Up_Down+0x340>
		__ticks = 1;
     f44:	81 e0       	ldi	r24, 0x01	; 1
     f46:	90 e0       	ldi	r25, 0x00	; 0
     f48:	98 ab       	std	Y+48, r25	; 0x30
     f4a:	8f a7       	std	Y+47, r24	; 0x2f
     f4c:	3f c0       	rjmp	.+126    	; 0xfcc <Enable_Up_Down+0x3be>
	else if (__tmp > 65535)
     f4e:	69 a9       	ldd	r22, Y+49	; 0x31
     f50:	7a a9       	ldd	r23, Y+50	; 0x32
     f52:	8b a9       	ldd	r24, Y+51	; 0x33
     f54:	9c a9       	ldd	r25, Y+52	; 0x34
     f56:	20 e0       	ldi	r18, 0x00	; 0
     f58:	3f ef       	ldi	r19, 0xFF	; 255
     f5a:	4f e7       	ldi	r20, 0x7F	; 127
     f5c:	57 e4       	ldi	r21, 0x47	; 71
     f5e:	0e 94 19 03 	call	0x632	; 0x632 <__gtsf2>
     f62:	18 16       	cp	r1, r24
     f64:	4c f5       	brge	.+82     	; 0xfb8 <Enable_Up_Down+0x3aa>
	{
		//	__ticks = requested delay in 1/10 ms
		__ticks = (uint16_t) (__ms * 10.0);
     f66:	6d a9       	ldd	r22, Y+53	; 0x35
     f68:	7e a9       	ldd	r23, Y+54	; 0x36
     f6a:	8f a9       	ldd	r24, Y+55	; 0x37
     f6c:	98 ad       	ldd	r25, Y+56	; 0x38
     f6e:	20 e0       	ldi	r18, 0x00	; 0
     f70:	30 e0       	ldi	r19, 0x00	; 0
     f72:	40 e2       	ldi	r20, 0x20	; 32
     f74:	51 e4       	ldi	r21, 0x41	; 65
     f76:	0e 94 1f 02 	call	0x43e	; 0x43e <__mulsf3>
     f7a:	dc 01       	movw	r26, r24
     f7c:	cb 01       	movw	r24, r22
     f7e:	bc 01       	movw	r22, r24
     f80:	cd 01       	movw	r24, r26
     f82:	0e 94 49 00 	call	0x92	; 0x92 <__fixunssfsi>
     f86:	dc 01       	movw	r26, r24
     f88:	cb 01       	movw	r24, r22
     f8a:	98 ab       	std	Y+48, r25	; 0x30
     f8c:	8f a7       	std	Y+47, r24	; 0x2f
     f8e:	0f c0       	rjmp	.+30     	; 0xfae <Enable_Up_Down+0x3a0>
     f90:	80 e9       	ldi	r24, 0x90	; 144
     f92:	91 e0       	ldi	r25, 0x01	; 1
     f94:	9e a7       	std	Y+46, r25	; 0x2e
     f96:	8d a7       	std	Y+45, r24	; 0x2d
     f98:	8d a5       	ldd	r24, Y+45	; 0x2d
     f9a:	9e a5       	ldd	r25, Y+46	; 0x2e
     f9c:	01 97       	sbiw	r24, 0x01	; 1
     f9e:	f1 f7       	brne	.-4      	; 0xf9c <Enable_Up_Down+0x38e>
     fa0:	9e a7       	std	Y+46, r25	; 0x2e
     fa2:	8d a7       	std	Y+45, r24	; 0x2d
		while(__ticks)
		{
			// wait 1/10 ms
			_delay_loop_2(((F_CPU) / 4e3) / 10);
			__ticks --;
     fa4:	8f a5       	ldd	r24, Y+47	; 0x2f
     fa6:	98 a9       	ldd	r25, Y+48	; 0x30
     fa8:	01 97       	sbiw	r24, 0x01	; 1
     faa:	98 ab       	std	Y+48, r25	; 0x30
     fac:	8f a7       	std	Y+47, r24	; 0x2f
		__ticks = 1;
	else if (__tmp > 65535)
	{
		//	__ticks = requested delay in 1/10 ms
		__ticks = (uint16_t) (__ms * 10.0);
		while(__ticks)
     fae:	8f a5       	ldd	r24, Y+47	; 0x2f
     fb0:	98 a9       	ldd	r25, Y+48	; 0x30
     fb2:	00 97       	sbiw	r24, 0x00	; 0
     fb4:	69 f7       	brne	.-38     	; 0xf90 <Enable_Up_Down+0x382>
     fb6:	14 c0       	rjmp	.+40     	; 0xfe0 <Enable_Up_Down+0x3d2>
			__ticks --;
		}
		return;
	}
	else
		__ticks = (uint16_t)__tmp;
     fb8:	69 a9       	ldd	r22, Y+49	; 0x31
     fba:	7a a9       	ldd	r23, Y+50	; 0x32
     fbc:	8b a9       	ldd	r24, Y+51	; 0x33
     fbe:	9c a9       	ldd	r25, Y+52	; 0x34
     fc0:	0e 94 49 00 	call	0x92	; 0x92 <__fixunssfsi>
     fc4:	dc 01       	movw	r26, r24
     fc6:	cb 01       	movw	r24, r22
     fc8:	98 ab       	std	Y+48, r25	; 0x30
     fca:	8f a7       	std	Y+47, r24	; 0x2f
     fcc:	8f a5       	ldd	r24, Y+47	; 0x2f
     fce:	98 a9       	ldd	r25, Y+48	; 0x30
     fd0:	9c a7       	std	Y+44, r25	; 0x2c
     fd2:	8b a7       	std	Y+43, r24	; 0x2b
     fd4:	8b a5       	ldd	r24, Y+43	; 0x2b
     fd6:	9c a5       	ldd	r25, Y+44	; 0x2c
     fd8:	01 97       	sbiw	r24, 0x01	; 1
     fda:	f1 f7       	brne	.-4      	; 0xfd8 <Enable_Up_Down+0x3ca>
     fdc:	9c a7       	std	Y+44, r25	; 0x2c
     fde:	8b a7       	std	Y+43, r24	; 0x2b
	_delay_ms(2);
	PORTA &= ~(1 << PA3);
     fe0:	ab e3       	ldi	r26, 0x3B	; 59
     fe2:	b0 e0       	ldi	r27, 0x00	; 0
     fe4:	eb e3       	ldi	r30, 0x3B	; 59
     fe6:	f0 e0       	ldi	r31, 0x00	; 0
     fe8:	80 81       	ld	r24, Z
     fea:	87 7f       	andi	r24, 0xF7	; 247
     fec:	8c 93       	st	X, r24

	PORTA |= (1 << PA2);
     fee:	ab e3       	ldi	r26, 0x3B	; 59
     ff0:	b0 e0       	ldi	r27, 0x00	; 0
     ff2:	eb e3       	ldi	r30, 0x3B	; 59
     ff4:	f0 e0       	ldi	r31, 0x00	; 0
     ff6:	80 81       	ld	r24, Z
     ff8:	84 60       	ori	r24, 0x04	; 4
     ffa:	8c 93       	st	X, r24
	PORTC = Min_Tick_Tens;
     ffc:	e5 e3       	ldi	r30, 0x35	; 53
     ffe:	f0 e0       	ldi	r31, 0x00	; 0
    1000:	80 91 6b 00 	lds	r24, 0x006B
    1004:	80 83       	st	Z, r24
    1006:	80 e0       	ldi	r24, 0x00	; 0
    1008:	90 e0       	ldi	r25, 0x00	; 0
    100a:	a0 e0       	ldi	r26, 0x00	; 0
    100c:	b0 e4       	ldi	r27, 0x40	; 64
    100e:	8f a3       	std	Y+39, r24	; 0x27
    1010:	98 a7       	std	Y+40, r25	; 0x28
    1012:	a9 a7       	std	Y+41, r26	; 0x29
    1014:	ba a7       	std	Y+42, r27	; 0x2a
 */
void
_delay_ms(double __ms)
{
	uint16_t __ticks;
	double __tmp = ((F_CPU) / 4e3) * __ms;
    1016:	6f a1       	ldd	r22, Y+39	; 0x27
    1018:	78 a5       	ldd	r23, Y+40	; 0x28
    101a:	89 a5       	ldd	r24, Y+41	; 0x29
    101c:	9a a5       	ldd	r25, Y+42	; 0x2a
    101e:	20 e0       	ldi	r18, 0x00	; 0
    1020:	30 e0       	ldi	r19, 0x00	; 0
    1022:	4a e7       	ldi	r20, 0x7A	; 122
    1024:	55 e4       	ldi	r21, 0x45	; 69
    1026:	0e 94 1f 02 	call	0x43e	; 0x43e <__mulsf3>
    102a:	dc 01       	movw	r26, r24
    102c:	cb 01       	movw	r24, r22
    102e:	8b a3       	std	Y+35, r24	; 0x23
    1030:	9c a3       	std	Y+36, r25	; 0x24
    1032:	ad a3       	std	Y+37, r26	; 0x25
    1034:	be a3       	std	Y+38, r27	; 0x26
	if (__tmp < 1.0)
    1036:	6b a1       	ldd	r22, Y+35	; 0x23
    1038:	7c a1       	ldd	r23, Y+36	; 0x24
    103a:	8d a1       	ldd	r24, Y+37	; 0x25
    103c:	9e a1       	ldd	r25, Y+38	; 0x26
    103e:	20 e0       	ldi	r18, 0x00	; 0
    1040:	30 e0       	ldi	r19, 0x00	; 0
    1042:	40 e8       	ldi	r20, 0x80	; 128
    1044:	5f e3       	ldi	r21, 0x3F	; 63
    1046:	0e 94 79 03 	call	0x6f2	; 0x6f2 <__ltsf2>
    104a:	88 23       	and	r24, r24
    104c:	2c f4       	brge	.+10     	; 0x1058 <Enable_Up_Down+0x44a>
		__ticks = 1;
    104e:	81 e0       	ldi	r24, 0x01	; 1
    1050:	90 e0       	ldi	r25, 0x00	; 0
    1052:	9a a3       	std	Y+34, r25	; 0x22
    1054:	89 a3       	std	Y+33, r24	; 0x21
    1056:	3f c0       	rjmp	.+126    	; 0x10d6 <Enable_Up_Down+0x4c8>
	else if (__tmp > 65535)
    1058:	6b a1       	ldd	r22, Y+35	; 0x23
    105a:	7c a1       	ldd	r23, Y+36	; 0x24
    105c:	8d a1       	ldd	r24, Y+37	; 0x25
    105e:	9e a1       	ldd	r25, Y+38	; 0x26
    1060:	20 e0       	ldi	r18, 0x00	; 0
    1062:	3f ef       	ldi	r19, 0xFF	; 255
    1064:	4f e7       	ldi	r20, 0x7F	; 127
    1066:	57 e4       	ldi	r21, 0x47	; 71
    1068:	0e 94 19 03 	call	0x632	; 0x632 <__gtsf2>
    106c:	18 16       	cp	r1, r24
    106e:	4c f5       	brge	.+82     	; 0x10c2 <Enable_Up_Down+0x4b4>
	{
		//	__ticks = requested delay in 1/10 ms
		__ticks = (uint16_t) (__ms * 10.0);
    1070:	6f a1       	ldd	r22, Y+39	; 0x27
    1072:	78 a5       	ldd	r23, Y+40	; 0x28
    1074:	89 a5       	ldd	r24, Y+41	; 0x29
    1076:	9a a5       	ldd	r25, Y+42	; 0x2a
    1078:	20 e0       	ldi	r18, 0x00	; 0
    107a:	30 e0       	ldi	r19, 0x00	; 0
    107c:	40 e2       	ldi	r20, 0x20	; 32
    107e:	51 e4       	ldi	r21, 0x41	; 65
    1080:	0e 94 1f 02 	call	0x43e	; 0x43e <__mulsf3>
    1084:	dc 01       	movw	r26, r24
    1086:	cb 01       	movw	r24, r22
    1088:	bc 01       	movw	r22, r24
    108a:	cd 01       	movw	r24, r26
    108c:	0e 94 49 00 	call	0x92	; 0x92 <__fixunssfsi>
    1090:	dc 01       	movw	r26, r24
    1092:	cb 01       	movw	r24, r22
    1094:	9a a3       	std	Y+34, r25	; 0x22
    1096:	89 a3       	std	Y+33, r24	; 0x21
    1098:	0f c0       	rjmp	.+30     	; 0x10b8 <Enable_Up_Down+0x4aa>
    109a:	80 e9       	ldi	r24, 0x90	; 144
    109c:	91 e0       	ldi	r25, 0x01	; 1
    109e:	98 a3       	std	Y+32, r25	; 0x20
    10a0:	8f 8f       	std	Y+31, r24	; 0x1f
    10a2:	8f 8d       	ldd	r24, Y+31	; 0x1f
    10a4:	98 a1       	ldd	r25, Y+32	; 0x20
    10a6:	01 97       	sbiw	r24, 0x01	; 1
    10a8:	f1 f7       	brne	.-4      	; 0x10a6 <Enable_Up_Down+0x498>
    10aa:	98 a3       	std	Y+32, r25	; 0x20
    10ac:	8f 8f       	std	Y+31, r24	; 0x1f
		while(__ticks)
		{
			// wait 1/10 ms
			_delay_loop_2(((F_CPU) / 4e3) / 10);
			__ticks --;
    10ae:	89 a1       	ldd	r24, Y+33	; 0x21
    10b0:	9a a1       	ldd	r25, Y+34	; 0x22
    10b2:	01 97       	sbiw	r24, 0x01	; 1
    10b4:	9a a3       	std	Y+34, r25	; 0x22
    10b6:	89 a3       	std	Y+33, r24	; 0x21
		__ticks = 1;
	else if (__tmp > 65535)
	{
		//	__ticks = requested delay in 1/10 ms
		__ticks = (uint16_t) (__ms * 10.0);
		while(__ticks)
    10b8:	89 a1       	ldd	r24, Y+33	; 0x21
    10ba:	9a a1       	ldd	r25, Y+34	; 0x22
    10bc:	00 97       	sbiw	r24, 0x00	; 0
    10be:	69 f7       	brne	.-38     	; 0x109a <Enable_Up_Down+0x48c>
    10c0:	14 c0       	rjmp	.+40     	; 0x10ea <Enable_Up_Down+0x4dc>
			__ticks --;
		}
		return;
	}
	else
		__ticks = (uint16_t)__tmp;
    10c2:	6b a1       	ldd	r22, Y+35	; 0x23
    10c4:	7c a1       	ldd	r23, Y+36	; 0x24
    10c6:	8d a1       	ldd	r24, Y+37	; 0x25
    10c8:	9e a1       	ldd	r25, Y+38	; 0x26
    10ca:	0e 94 49 00 	call	0x92	; 0x92 <__fixunssfsi>
    10ce:	dc 01       	movw	r26, r24
    10d0:	cb 01       	movw	r24, r22
    10d2:	9a a3       	std	Y+34, r25	; 0x22
    10d4:	89 a3       	std	Y+33, r24	; 0x21
    10d6:	89 a1       	ldd	r24, Y+33	; 0x21
    10d8:	9a a1       	ldd	r25, Y+34	; 0x22
    10da:	9e 8f       	std	Y+30, r25	; 0x1e
    10dc:	8d 8f       	std	Y+29, r24	; 0x1d
    10de:	8d 8d       	ldd	r24, Y+29	; 0x1d
    10e0:	9e 8d       	ldd	r25, Y+30	; 0x1e
    10e2:	01 97       	sbiw	r24, 0x01	; 1
    10e4:	f1 f7       	brne	.-4      	; 0x10e2 <Enable_Up_Down+0x4d4>
    10e6:	9e 8f       	std	Y+30, r25	; 0x1e
    10e8:	8d 8f       	std	Y+29, r24	; 0x1d
	_delay_ms(2);
	PORTA &= ~(1 << PA2);
    10ea:	ab e3       	ldi	r26, 0x3B	; 59
    10ec:	b0 e0       	ldi	r27, 0x00	; 0
    10ee:	eb e3       	ldi	r30, 0x3B	; 59
    10f0:	f0 e0       	ldi	r31, 0x00	; 0
    10f2:	80 81       	ld	r24, Z
    10f4:	8b 7f       	andi	r24, 0xFB	; 251
    10f6:	8c 93       	st	X, r24

	PORTA |= (1 << PA1);
    10f8:	ab e3       	ldi	r26, 0x3B	; 59
    10fa:	b0 e0       	ldi	r27, 0x00	; 0
    10fc:	eb e3       	ldi	r30, 0x3B	; 59
    10fe:	f0 e0       	ldi	r31, 0x00	; 0
    1100:	80 81       	ld	r24, Z
    1102:	82 60       	ori	r24, 0x02	; 2
    1104:	8c 93       	st	X, r24
	PORTC = Hour_Tick_Units;
    1106:	e5 e3       	ldi	r30, 0x35	; 53
    1108:	f0 e0       	ldi	r31, 0x00	; 0
    110a:	80 91 6c 00 	lds	r24, 0x006C
    110e:	80 83       	st	Z, r24
    1110:	80 e0       	ldi	r24, 0x00	; 0
    1112:	90 e0       	ldi	r25, 0x00	; 0
    1114:	a0 e0       	ldi	r26, 0x00	; 0
    1116:	b0 e4       	ldi	r27, 0x40	; 64
    1118:	89 8f       	std	Y+25, r24	; 0x19
    111a:	9a 8f       	std	Y+26, r25	; 0x1a
    111c:	ab 8f       	std	Y+27, r26	; 0x1b
    111e:	bc 8f       	std	Y+28, r27	; 0x1c
 */
void
_delay_ms(double __ms)
{
	uint16_t __ticks;
	double __tmp = ((F_CPU) / 4e3) * __ms;
    1120:	69 8d       	ldd	r22, Y+25	; 0x19
    1122:	7a 8d       	ldd	r23, Y+26	; 0x1a
    1124:	8b 8d       	ldd	r24, Y+27	; 0x1b
    1126:	9c 8d       	ldd	r25, Y+28	; 0x1c
    1128:	20 e0       	ldi	r18, 0x00	; 0
    112a:	30 e0       	ldi	r19, 0x00	; 0
    112c:	4a e7       	ldi	r20, 0x7A	; 122
    112e:	55 e4       	ldi	r21, 0x45	; 69
    1130:	0e 94 1f 02 	call	0x43e	; 0x43e <__mulsf3>
    1134:	dc 01       	movw	r26, r24
    1136:	cb 01       	movw	r24, r22
    1138:	8d 8b       	std	Y+21, r24	; 0x15
    113a:	9e 8b       	std	Y+22, r25	; 0x16
    113c:	af 8b       	std	Y+23, r26	; 0x17
    113e:	b8 8f       	std	Y+24, r27	; 0x18
	if (__tmp < 1.0)
    1140:	6d 89       	ldd	r22, Y+21	; 0x15
    1142:	7e 89       	ldd	r23, Y+22	; 0x16
    1144:	8f 89       	ldd	r24, Y+23	; 0x17
    1146:	98 8d       	ldd	r25, Y+24	; 0x18
    1148:	20 e0       	ldi	r18, 0x00	; 0
    114a:	30 e0       	ldi	r19, 0x00	; 0
    114c:	40 e8       	ldi	r20, 0x80	; 128
    114e:	5f e3       	ldi	r21, 0x3F	; 63
    1150:	0e 94 79 03 	call	0x6f2	; 0x6f2 <__ltsf2>
    1154:	88 23       	and	r24, r24
    1156:	2c f4       	brge	.+10     	; 0x1162 <Enable_Up_Down+0x554>
		__ticks = 1;
    1158:	81 e0       	ldi	r24, 0x01	; 1
    115a:	90 e0       	ldi	r25, 0x00	; 0
    115c:	9c 8b       	std	Y+20, r25	; 0x14
    115e:	8b 8b       	std	Y+19, r24	; 0x13
    1160:	3f c0       	rjmp	.+126    	; 0x11e0 <Enable_Up_Down+0x5d2>
	else if (__tmp > 65535)
    1162:	6d 89       	ldd	r22, Y+21	; 0x15
    1164:	7e 89       	ldd	r23, Y+22	; 0x16
    1166:	8f 89       	ldd	r24, Y+23	; 0x17
    1168:	98 8d       	ldd	r25, Y+24	; 0x18
    116a:	20 e0       	ldi	r18, 0x00	; 0
    116c:	3f ef       	ldi	r19, 0xFF	; 255
    116e:	4f e7       	ldi	r20, 0x7F	; 127
    1170:	57 e4       	ldi	r21, 0x47	; 71
    1172:	0e 94 19 03 	call	0x632	; 0x632 <__gtsf2>
    1176:	18 16       	cp	r1, r24
    1178:	4c f5       	brge	.+82     	; 0x11cc <Enable_Up_Down+0x5be>
	{
		//	__ticks = requested delay in 1/10 ms
		__ticks = (uint16_t) (__ms * 10.0);
    117a:	69 8d       	ldd	r22, Y+25	; 0x19
    117c:	7a 8d       	ldd	r23, Y+26	; 0x1a
    117e:	8b 8d       	ldd	r24, Y+27	; 0x1b
    1180:	9c 8d       	ldd	r25, Y+28	; 0x1c
    1182:	20 e0       	ldi	r18, 0x00	; 0
    1184:	30 e0       	ldi	r19, 0x00	; 0
    1186:	40 e2       	ldi	r20, 0x20	; 32
    1188:	51 e4       	ldi	r21, 0x41	; 65
    118a:	0e 94 1f 02 	call	0x43e	; 0x43e <__mulsf3>
    118e:	dc 01       	movw	r26, r24
    1190:	cb 01       	movw	r24, r22
    1192:	bc 01       	movw	r22, r24
    1194:	cd 01       	movw	r24, r26
    1196:	0e 94 49 00 	call	0x92	; 0x92 <__fixunssfsi>
    119a:	dc 01       	movw	r26, r24
    119c:	cb 01       	movw	r24, r22
    119e:	9c 8b       	std	Y+20, r25	; 0x14
    11a0:	8b 8b       	std	Y+19, r24	; 0x13
    11a2:	0f c0       	rjmp	.+30     	; 0x11c2 <Enable_Up_Down+0x5b4>
    11a4:	80 e9       	ldi	r24, 0x90	; 144
    11a6:	91 e0       	ldi	r25, 0x01	; 1
    11a8:	9a 8b       	std	Y+18, r25	; 0x12
    11aa:	89 8b       	std	Y+17, r24	; 0x11
    11ac:	89 89       	ldd	r24, Y+17	; 0x11
    11ae:	9a 89       	ldd	r25, Y+18	; 0x12
    11b0:	01 97       	sbiw	r24, 0x01	; 1
    11b2:	f1 f7       	brne	.-4      	; 0x11b0 <Enable_Up_Down+0x5a2>
    11b4:	9a 8b       	std	Y+18, r25	; 0x12
    11b6:	89 8b       	std	Y+17, r24	; 0x11
		while(__ticks)
		{
			// wait 1/10 ms
			_delay_loop_2(((F_CPU) / 4e3) / 10);
			__ticks --;
    11b8:	8b 89       	ldd	r24, Y+19	; 0x13
    11ba:	9c 89       	ldd	r25, Y+20	; 0x14
    11bc:	01 97       	sbiw	r24, 0x01	; 1
    11be:	9c 8b       	std	Y+20, r25	; 0x14
    11c0:	8b 8b       	std	Y+19, r24	; 0x13
		__ticks = 1;
	else if (__tmp > 65535)
	{
		//	__ticks = requested delay in 1/10 ms
		__ticks = (uint16_t) (__ms * 10.0);
		while(__ticks)
    11c2:	8b 89       	ldd	r24, Y+19	; 0x13
    11c4:	9c 89       	ldd	r25, Y+20	; 0x14
    11c6:	00 97       	sbiw	r24, 0x00	; 0
    11c8:	69 f7       	brne	.-38     	; 0x11a4 <Enable_Up_Down+0x596>
    11ca:	14 c0       	rjmp	.+40     	; 0x11f4 <Enable_Up_Down+0x5e6>
			__ticks --;
		}
		return;
	}
	else
		__ticks = (uint16_t)__tmp;
    11cc:	6d 89       	ldd	r22, Y+21	; 0x15
    11ce:	7e 89       	ldd	r23, Y+22	; 0x16
    11d0:	8f 89       	ldd	r24, Y+23	; 0x17
    11d2:	98 8d       	ldd	r25, Y+24	; 0x18
    11d4:	0e 94 49 00 	call	0x92	; 0x92 <__fixunssfsi>
    11d8:	dc 01       	movw	r26, r24
    11da:	cb 01       	movw	r24, r22
    11dc:	9c 8b       	std	Y+20, r25	; 0x14
    11de:	8b 8b       	std	Y+19, r24	; 0x13
    11e0:	8b 89       	ldd	r24, Y+19	; 0x13
    11e2:	9c 89       	ldd	r25, Y+20	; 0x14
    11e4:	98 8b       	std	Y+16, r25	; 0x10
    11e6:	8f 87       	std	Y+15, r24	; 0x0f
    11e8:	8f 85       	ldd	r24, Y+15	; 0x0f
    11ea:	98 89       	ldd	r25, Y+16	; 0x10
    11ec:	01 97       	sbiw	r24, 0x01	; 1
    11ee:	f1 f7       	brne	.-4      	; 0x11ec <Enable_Up_Down+0x5de>
    11f0:	98 8b       	std	Y+16, r25	; 0x10
    11f2:	8f 87       	std	Y+15, r24	; 0x0f
	_delay_ms(2);
	PORTA &= ~(1 << PA1);
    11f4:	ab e3       	ldi	r26, 0x3B	; 59
    11f6:	b0 e0       	ldi	r27, 0x00	; 0
    11f8:	eb e3       	ldi	r30, 0x3B	; 59
    11fa:	f0 e0       	ldi	r31, 0x00	; 0
    11fc:	80 81       	ld	r24, Z
    11fe:	8d 7f       	andi	r24, 0xFD	; 253
    1200:	8c 93       	st	X, r24

	PORTA |= (1 << PA0);
    1202:	ab e3       	ldi	r26, 0x3B	; 59
    1204:	b0 e0       	ldi	r27, 0x00	; 0
    1206:	eb e3       	ldi	r30, 0x3B	; 59
    1208:	f0 e0       	ldi	r31, 0x00	; 0
    120a:	80 81       	ld	r24, Z
    120c:	81 60       	ori	r24, 0x01	; 1
    120e:	8c 93       	st	X, r24
	PORTC = Hour_Tick_Tens;
    1210:	e5 e3       	ldi	r30, 0x35	; 53
    1212:	f0 e0       	ldi	r31, 0x00	; 0
    1214:	80 91 6d 00 	lds	r24, 0x006D
    1218:	80 83       	st	Z, r24
    121a:	80 e0       	ldi	r24, 0x00	; 0
    121c:	90 e0       	ldi	r25, 0x00	; 0
    121e:	a0 e0       	ldi	r26, 0x00	; 0
    1220:	b0 e4       	ldi	r27, 0x40	; 64
    1222:	8b 87       	std	Y+11, r24	; 0x0b
    1224:	9c 87       	std	Y+12, r25	; 0x0c
    1226:	ad 87       	std	Y+13, r26	; 0x0d
    1228:	be 87       	std	Y+14, r27	; 0x0e
 */
void
_delay_ms(double __ms)
{
	uint16_t __ticks;
	double __tmp = ((F_CPU) / 4e3) * __ms;
    122a:	6b 85       	ldd	r22, Y+11	; 0x0b
    122c:	7c 85       	ldd	r23, Y+12	; 0x0c
    122e:	8d 85       	ldd	r24, Y+13	; 0x0d
    1230:	9e 85       	ldd	r25, Y+14	; 0x0e
    1232:	20 e0       	ldi	r18, 0x00	; 0
    1234:	30 e0       	ldi	r19, 0x00	; 0
    1236:	4a e7       	ldi	r20, 0x7A	; 122
    1238:	55 e4       	ldi	r21, 0x45	; 69
    123a:	0e 94 1f 02 	call	0x43e	; 0x43e <__mulsf3>
    123e:	dc 01       	movw	r26, r24
    1240:	cb 01       	movw	r24, r22
    1242:	8f 83       	std	Y+7, r24	; 0x07
    1244:	98 87       	std	Y+8, r25	; 0x08
    1246:	a9 87       	std	Y+9, r26	; 0x09
    1248:	ba 87       	std	Y+10, r27	; 0x0a
	if (__tmp < 1.0)
    124a:	6f 81       	ldd	r22, Y+7	; 0x07
    124c:	78 85       	ldd	r23, Y+8	; 0x08
    124e:	89 85       	ldd	r24, Y+9	; 0x09
    1250:	9a 85       	ldd	r25, Y+10	; 0x0a
    1252:	20 e0       	ldi	r18, 0x00	; 0
    1254:	30 e0       	ldi	r19, 0x00	; 0
    1256:	40 e8       	ldi	r20, 0x80	; 128
    1258:	5f e3       	ldi	r21, 0x3F	; 63
    125a:	0e 94 79 03 	call	0x6f2	; 0x6f2 <__ltsf2>
    125e:	88 23       	and	r24, r24
    1260:	2c f4       	brge	.+10     	; 0x126c <Enable_Up_Down+0x65e>
		__ticks = 1;
    1262:	81 e0       	ldi	r24, 0x01	; 1
    1264:	90 e0       	ldi	r25, 0x00	; 0
    1266:	9e 83       	std	Y+6, r25	; 0x06
    1268:	8d 83       	std	Y+5, r24	; 0x05
    126a:	3f c0       	rjmp	.+126    	; 0x12ea <Enable_Up_Down+0x6dc>
	else if (__tmp > 65535)
    126c:	6f 81       	ldd	r22, Y+7	; 0x07
    126e:	78 85       	ldd	r23, Y+8	; 0x08
    1270:	89 85       	ldd	r24, Y+9	; 0x09
    1272:	9a 85       	ldd	r25, Y+10	; 0x0a
    1274:	20 e0       	ldi	r18, 0x00	; 0
    1276:	3f ef       	ldi	r19, 0xFF	; 255
    1278:	4f e7       	ldi	r20, 0x7F	; 127
    127a:	57 e4       	ldi	r21, 0x47	; 71
    127c:	0e 94 19 03 	call	0x632	; 0x632 <__gtsf2>
    1280:	18 16       	cp	r1, r24
    1282:	4c f5       	brge	.+82     	; 0x12d6 <Enable_Up_Down+0x6c8>
	{
		//	__ticks = requested delay in 1/10 ms
		__ticks = (uint16_t) (__ms * 10.0);
    1284:	6b 85       	ldd	r22, Y+11	; 0x0b
    1286:	7c 85       	ldd	r23, Y+12	; 0x0c
    1288:	8d 85       	ldd	r24, Y+13	; 0x0d
    128a:	9e 85       	ldd	r25, Y+14	; 0x0e
    128c:	20 e0       	ldi	r18, 0x00	; 0
    128e:	30 e0       	ldi	r19, 0x00	; 0
    1290:	40 e2       	ldi	r20, 0x20	; 32
    1292:	51 e4       	ldi	r21, 0x41	; 65
    1294:	0e 94 1f 02 	call	0x43e	; 0x43e <__mulsf3>
    1298:	dc 01       	movw	r26, r24
    129a:	cb 01       	movw	r24, r22
    129c:	bc 01       	movw	r22, r24
    129e:	cd 01       	movw	r24, r26
    12a0:	0e 94 49 00 	call	0x92	; 0x92 <__fixunssfsi>
    12a4:	dc 01       	movw	r26, r24
    12a6:	cb 01       	movw	r24, r22
    12a8:	9e 83       	std	Y+6, r25	; 0x06
    12aa:	8d 83       	std	Y+5, r24	; 0x05
    12ac:	0f c0       	rjmp	.+30     	; 0x12cc <Enable_Up_Down+0x6be>
    12ae:	80 e9       	ldi	r24, 0x90	; 144
    12b0:	91 e0       	ldi	r25, 0x01	; 1
    12b2:	9c 83       	std	Y+4, r25	; 0x04
    12b4:	8b 83       	std	Y+3, r24	; 0x03
    12b6:	8b 81       	ldd	r24, Y+3	; 0x03
    12b8:	9c 81       	ldd	r25, Y+4	; 0x04
    12ba:	01 97       	sbiw	r24, 0x01	; 1
    12bc:	f1 f7       	brne	.-4      	; 0x12ba <Enable_Up_Down+0x6ac>
    12be:	9c 83       	std	Y+4, r25	; 0x04
    12c0:	8b 83       	std	Y+3, r24	; 0x03
		while(__ticks)
		{
			// wait 1/10 ms
			_delay_loop_2(((F_CPU) / 4e3) / 10);
			__ticks --;
    12c2:	8d 81       	ldd	r24, Y+5	; 0x05
    12c4:	9e 81       	ldd	r25, Y+6	; 0x06
    12c6:	01 97       	sbiw	r24, 0x01	; 1
    12c8:	9e 83       	std	Y+6, r25	; 0x06
    12ca:	8d 83       	std	Y+5, r24	; 0x05
		__ticks = 1;
	else if (__tmp > 65535)
	{
		//	__ticks = requested delay in 1/10 ms
		__ticks = (uint16_t) (__ms * 10.0);
		while(__ticks)
    12cc:	8d 81       	ldd	r24, Y+5	; 0x05
    12ce:	9e 81       	ldd	r25, Y+6	; 0x06
    12d0:	00 97       	sbiw	r24, 0x00	; 0
    12d2:	69 f7       	brne	.-38     	; 0x12ae <Enable_Up_Down+0x6a0>
    12d4:	14 c0       	rjmp	.+40     	; 0x12fe <Enable_Up_Down+0x6f0>
			__ticks --;
		}
		return;
	}
	else
		__ticks = (uint16_t)__tmp;
    12d6:	6f 81       	ldd	r22, Y+7	; 0x07
    12d8:	78 85       	ldd	r23, Y+8	; 0x08
    12da:	89 85       	ldd	r24, Y+9	; 0x09
    12dc:	9a 85       	ldd	r25, Y+10	; 0x0a
    12de:	0e 94 49 00 	call	0x92	; 0x92 <__fixunssfsi>
    12e2:	dc 01       	movw	r26, r24
    12e4:	cb 01       	movw	r24, r22
    12e6:	9e 83       	std	Y+6, r25	; 0x06
    12e8:	8d 83       	std	Y+5, r24	; 0x05
    12ea:	8d 81       	ldd	r24, Y+5	; 0x05
    12ec:	9e 81       	ldd	r25, Y+6	; 0x06
    12ee:	9a 83       	std	Y+2, r25	; 0x02
    12f0:	89 83       	std	Y+1, r24	; 0x01
    12f2:	89 81       	ldd	r24, Y+1	; 0x01
    12f4:	9a 81       	ldd	r25, Y+2	; 0x02
    12f6:	01 97       	sbiw	r24, 0x01	; 1
    12f8:	f1 f7       	brne	.-4      	; 0x12f6 <Enable_Up_Down+0x6e8>
    12fa:	9a 83       	std	Y+2, r25	; 0x02
    12fc:	89 83       	std	Y+1, r24	; 0x01
	_delay_ms(2);
	PORTA &= ~(1 << PA0);
    12fe:	ab e3       	ldi	r26, 0x3B	; 59
    1300:	b0 e0       	ldi	r27, 0x00	; 0
    1302:	eb e3       	ldi	r30, 0x3B	; 59
    1304:	f0 e0       	ldi	r31, 0x00	; 0
    1306:	80 81       	ld	r24, Z
    1308:	8e 7f       	andi	r24, 0xFE	; 254
    130a:	8c 93       	st	X, r24
}
    130c:	cc 5a       	subi	r28, 0xAC	; 172
    130e:	df 4f       	sbci	r29, 0xFF	; 255
    1310:	0f b6       	in	r0, 0x3f	; 63
    1312:	f8 94       	cli
    1314:	de bf       	out	0x3e, r29	; 62
    1316:	0f be       	out	0x3f, r0	; 63
    1318:	cd bf       	out	0x3d, r28	; 61
    131a:	cf 91       	pop	r28
    131c:	df 91       	pop	r29
    131e:	1f 91       	pop	r17
    1320:	0f 91       	pop	r16
    1322:	08 95       	ret

00001324 <Buzzer_Check>:

//Checking for Buzzer when counting down to ZERO
void Buzzer_Check()
{
    1324:	df 93       	push	r29
    1326:	cf 93       	push	r28
    1328:	cd b7       	in	r28, 0x3d	; 61
    132a:	de b7       	in	r29, 0x3e	; 62

	if(ZERO_Condition && Mode_Switch == 1 && operation_Flag == 0)
    132c:	80 91 68 00 	lds	r24, 0x0068
    1330:	28 2f       	mov	r18, r24
    1332:	30 e0       	ldi	r19, 0x00	; 0
    1334:	80 91 69 00 	lds	r24, 0x0069
    1338:	88 2f       	mov	r24, r24
    133a:	90 e0       	ldi	r25, 0x00	; 0
    133c:	28 0f       	add	r18, r24
    133e:	39 1f       	adc	r19, r25
    1340:	80 91 6a 00 	lds	r24, 0x006A
    1344:	88 2f       	mov	r24, r24
    1346:	90 e0       	ldi	r25, 0x00	; 0
    1348:	28 0f       	add	r18, r24
    134a:	39 1f       	adc	r19, r25
    134c:	80 91 6b 00 	lds	r24, 0x006B
    1350:	88 2f       	mov	r24, r24
    1352:	90 e0       	ldi	r25, 0x00	; 0
    1354:	28 0f       	add	r18, r24
    1356:	39 1f       	adc	r19, r25
    1358:	80 91 6c 00 	lds	r24, 0x006C
    135c:	88 2f       	mov	r24, r24
    135e:	90 e0       	ldi	r25, 0x00	; 0
    1360:	28 0f       	add	r18, r24
    1362:	39 1f       	adc	r19, r25
    1364:	80 91 6d 00 	lds	r24, 0x006D
    1368:	88 2f       	mov	r24, r24
    136a:	90 e0       	ldi	r25, 0x00	; 0
    136c:	82 0f       	add	r24, r18
    136e:	93 1f       	adc	r25, r19
    1370:	00 97       	sbiw	r24, 0x00	; 0
    1372:	99 f4       	brne	.+38     	; 0x139a <Buzzer_Check+0x76>
    1374:	80 91 6e 00 	lds	r24, 0x006E
    1378:	81 30       	cpi	r24, 0x01	; 1
    137a:	79 f4       	brne	.+30     	; 0x139a <Buzzer_Check+0x76>
    137c:	80 91 6f 00 	lds	r24, 0x006F
    1380:	88 23       	and	r24, r24
    1382:	59 f4       	brne	.+22     	; 0x139a <Buzzer_Check+0x76>
	{
		PORTD |= (1<<PD0); //Buzzer ON
    1384:	a2 e3       	ldi	r26, 0x32	; 50
    1386:	b0 e0       	ldi	r27, 0x00	; 0
    1388:	e2 e3       	ldi	r30, 0x32	; 50
    138a:	f0 e0       	ldi	r31, 0x00	; 0
    138c:	80 81       	ld	r24, Z
    138e:	81 60       	ori	r24, 0x01	; 1
    1390:	8c 93       	st	X, r24
		PORTC=0; //Stay on ZERO, Unless pressing pause or mode switch buttons
    1392:	e5 e3       	ldi	r30, 0x35	; 53
    1394:	f0 e0       	ldi	r31, 0x00	; 0
    1396:	10 82       	st	Z, r1
    1398:	07 c0       	rjmp	.+14     	; 0x13a8 <Buzzer_Check+0x84>
	}
	else
	{
		PORTD &= ~(1<<PD0);	//Buzzer ON
    139a:	a2 e3       	ldi	r26, 0x32	; 50
    139c:	b0 e0       	ldi	r27, 0x00	; 0
    139e:	e2 e3       	ldi	r30, 0x32	; 50
    13a0:	f0 e0       	ldi	r31, 0x00	; 0
    13a2:	80 81       	ld	r24, Z
    13a4:	8e 7f       	andi	r24, 0xFE	; 254
    13a6:	8c 93       	st	X, r24
	}
}
    13a8:	cf 91       	pop	r28
    13aa:	df 91       	pop	r29
    13ac:	08 95       	ret

000013ae <Digit_increment>:

//increment scenario
void Digit_increment()
{
    13ae:	df 93       	push	r29
    13b0:	cf 93       	push	r28
    13b2:	cd b7       	in	r28, 0x3d	; 61
    13b4:	de b7       	in	r29, 0x3e	; 62
	/*setting digits increment scenario*/
		if(Sec_Tick_Units==10)
    13b6:	80 91 68 00 	lds	r24, 0x0068
    13ba:	8a 30       	cpi	r24, 0x0A	; 10
    13bc:	39 f4       	brne	.+14     	; 0x13cc <Digit_increment+0x1e>
		{
			Sec_Tick_Units = 0;
    13be:	10 92 68 00 	sts	0x0068, r1
			Sec_Tick_Tens++;
    13c2:	80 91 69 00 	lds	r24, 0x0069
    13c6:	8f 5f       	subi	r24, 0xFF	; 255
    13c8:	80 93 69 00 	sts	0x0069, r24
		}
		if(Sec_Tick_Tens==6)
    13cc:	80 91 69 00 	lds	r24, 0x0069
    13d0:	86 30       	cpi	r24, 0x06	; 6
    13d2:	39 f4       	brne	.+14     	; 0x13e2 <Digit_increment+0x34>
		{
			Sec_Tick_Tens = 0;
    13d4:	10 92 69 00 	sts	0x0069, r1
			Min_Tick_Units++;
    13d8:	80 91 6a 00 	lds	r24, 0x006A
    13dc:	8f 5f       	subi	r24, 0xFF	; 255
    13de:	80 93 6a 00 	sts	0x006A, r24
		}
		if(Min_Tick_Units==10)
    13e2:	80 91 6a 00 	lds	r24, 0x006A
    13e6:	8a 30       	cpi	r24, 0x0A	; 10
    13e8:	39 f4       	brne	.+14     	; 0x13f8 <Digit_increment+0x4a>
		{
			Min_Tick_Units = 0;
    13ea:	10 92 6a 00 	sts	0x006A, r1
			Min_Tick_Tens++;
    13ee:	80 91 6b 00 	lds	r24, 0x006B
    13f2:	8f 5f       	subi	r24, 0xFF	; 255
    13f4:	80 93 6b 00 	sts	0x006B, r24
		}
		if(Min_Tick_Tens==6)
    13f8:	80 91 6b 00 	lds	r24, 0x006B
    13fc:	86 30       	cpi	r24, 0x06	; 6
    13fe:	39 f4       	brne	.+14     	; 0x140e <Digit_increment+0x60>
		{
			Min_Tick_Tens = 0;
    1400:	10 92 6b 00 	sts	0x006B, r1
			Hour_Tick_Units++;
    1404:	80 91 6c 00 	lds	r24, 0x006C
    1408:	8f 5f       	subi	r24, 0xFF	; 255
    140a:	80 93 6c 00 	sts	0x006C, r24
		}
		if(Hour_Tick_Units==10)
    140e:	80 91 6c 00 	lds	r24, 0x006C
    1412:	8a 30       	cpi	r24, 0x0A	; 10
    1414:	39 f4       	brne	.+14     	; 0x1424 <Digit_increment+0x76>
		{
			Hour_Tick_Units = 0;
    1416:	10 92 6c 00 	sts	0x006C, r1
			Hour_Tick_Tens++;
    141a:	80 91 6d 00 	lds	r24, 0x006D
    141e:	8f 5f       	subi	r24, 0xFF	; 255
    1420:	80 93 6d 00 	sts	0x006D, r24
		}
		if(Hour_Tick_Tens==10)
    1424:	80 91 6d 00 	lds	r24, 0x006D
    1428:	8a 30       	cpi	r24, 0x0A	; 10
    142a:	11 f4       	brne	.+4      	; 0x1430 <Digit_increment+0x82>
		{
			Hour_Tick_Tens = 0;
    142c:	10 92 6d 00 	sts	0x006D, r1
		}

}
    1430:	cf 91       	pop	r28
    1432:	df 91       	pop	r29
    1434:	08 95       	ret

00001436 <Digit_decrement>:

//decrement scenario
void Digit_decrement()
{
    1436:	df 93       	push	r29
    1438:	cf 93       	push	r28
    143a:	cd b7       	in	r28, 0x3d	; 61
    143c:	de b7       	in	r29, 0x3e	; 62

	if(Sec_Tick_Units == 255)
    143e:	80 91 68 00 	lds	r24, 0x0068
    1442:	8f 3f       	cpi	r24, 0xFF	; 255
    1444:	09 f0       	breq	.+2      	; 0x1448 <Digit_decrement+0x12>
    1446:	3e c0       	rjmp	.+124    	; 0x14c4 <Digit_decrement+0x8e>
	{
		Sec_Tick_Units = 9;
    1448:	89 e0       	ldi	r24, 0x09	; 9
    144a:	80 93 68 00 	sts	0x0068, r24
		Sec_Tick_Tens--;
    144e:	80 91 69 00 	lds	r24, 0x0069
    1452:	81 50       	subi	r24, 0x01	; 1
    1454:	80 93 69 00 	sts	0x0069, r24
		if(Sec_Tick_Tens == 255)
    1458:	80 91 69 00 	lds	r24, 0x0069
    145c:	8f 3f       	cpi	r24, 0xFF	; 255
    145e:	91 f5       	brne	.+100    	; 0x14c4 <Digit_decrement+0x8e>
		{
			Sec_Tick_Tens = 5;
    1460:	85 e0       	ldi	r24, 0x05	; 5
    1462:	80 93 69 00 	sts	0x0069, r24
			Min_Tick_Units--;
    1466:	80 91 6a 00 	lds	r24, 0x006A
    146a:	81 50       	subi	r24, 0x01	; 1
    146c:	80 93 6a 00 	sts	0x006A, r24
			if(Min_Tick_Units == 255)
    1470:	80 91 6a 00 	lds	r24, 0x006A
    1474:	8f 3f       	cpi	r24, 0xFF	; 255
    1476:	31 f5       	brne	.+76     	; 0x14c4 <Digit_decrement+0x8e>
			{
				Min_Tick_Units = 9;
    1478:	89 e0       	ldi	r24, 0x09	; 9
    147a:	80 93 6a 00 	sts	0x006A, r24
				Min_Tick_Tens--;
    147e:	80 91 6b 00 	lds	r24, 0x006B
    1482:	81 50       	subi	r24, 0x01	; 1
    1484:	80 93 6b 00 	sts	0x006B, r24
				if(Min_Tick_Tens == 255)
    1488:	80 91 6b 00 	lds	r24, 0x006B
    148c:	8f 3f       	cpi	r24, 0xFF	; 255
    148e:	d1 f4       	brne	.+52     	; 0x14c4 <Digit_decrement+0x8e>
				{
					Min_Tick_Tens = 5;
    1490:	85 e0       	ldi	r24, 0x05	; 5
    1492:	80 93 6b 00 	sts	0x006B, r24
					Hour_Tick_Units--;
    1496:	80 91 6c 00 	lds	r24, 0x006C
    149a:	81 50       	subi	r24, 0x01	; 1
    149c:	80 93 6c 00 	sts	0x006C, r24
					if(Hour_Tick_Units == 255)
    14a0:	80 91 6c 00 	lds	r24, 0x006C
    14a4:	8f 3f       	cpi	r24, 0xFF	; 255
    14a6:	71 f4       	brne	.+28     	; 0x14c4 <Digit_decrement+0x8e>
					{
						Hour_Tick_Units = 9;
    14a8:	89 e0       	ldi	r24, 0x09	; 9
    14aa:	80 93 6c 00 	sts	0x006C, r24
						Hour_Tick_Tens--;
    14ae:	80 91 6d 00 	lds	r24, 0x006D
    14b2:	81 50       	subi	r24, 0x01	; 1
    14b4:	80 93 6d 00 	sts	0x006D, r24
						if(Hour_Tick_Tens == 255)
    14b8:	80 91 6d 00 	lds	r24, 0x006D
    14bc:	8f 3f       	cpi	r24, 0xFF	; 255
    14be:	11 f4       	brne	.+4      	; 0x14c4 <Digit_decrement+0x8e>
						{
							Hour_Tick_Tens=0;
    14c0:	10 92 6d 00 	sts	0x006D, r1
					}
				}
			}
		}
	}
}
    14c4:	cf 91       	pop	r28
    14c6:	df 91       	pop	r29
    14c8:	08 95       	ret

000014ca <C_Down_Adjustments>:

//Time base adjustment for counting down
void C_Down_Adjustments()
{
    14ca:	df 93       	push	r29
    14cc:	cf 93       	push	r28
    14ce:	cd b7       	in	r28, 0x3d	; 61
    14d0:	de b7       	in	r29, 0x3e	; 62
	if(operation_Flag == 1)
    14d2:	80 91 6f 00 	lds	r24, 0x006F
    14d6:	81 30       	cpi	r24, 0x01	; 1
    14d8:	09 f0       	breq	.+2      	; 0x14dc <C_Down_Adjustments+0x12>
    14da:	28 c1       	rjmp	.+592    	; 0x172c <C_Down_Adjustments+0x262>
	{
		if(!(PINB & (1<<PB1)))	/*Hours increment*/
    14dc:	e6 e3       	ldi	r30, 0x36	; 54
    14de:	f0 e0       	ldi	r31, 0x00	; 0
    14e0:	80 81       	ld	r24, Z
    14e2:	88 2f       	mov	r24, r24
    14e4:	90 e0       	ldi	r25, 0x00	; 0
    14e6:	82 70       	andi	r24, 0x02	; 2
    14e8:	90 70       	andi	r25, 0x00	; 0
    14ea:	00 97       	sbiw	r24, 0x00	; 0
    14ec:	59 f5       	brne	.+86     	; 0x1544 <C_Down_Adjustments+0x7a>
		{
			Hour_Tick_Units++;
    14ee:	80 91 6c 00 	lds	r24, 0x006C
    14f2:	8f 5f       	subi	r24, 0xFF	; 255
    14f4:	80 93 6c 00 	sts	0x006C, r24
			if(Hour_Tick_Units==10)
    14f8:	80 91 6c 00 	lds	r24, 0x006C
    14fc:	8a 30       	cpi	r24, 0x0A	; 10
    14fe:	39 f4       	brne	.+14     	; 0x150e <C_Down_Adjustments+0x44>
			{
				Hour_Tick_Units = 0;
    1500:	10 92 6c 00 	sts	0x006C, r1
				Hour_Tick_Tens++;
    1504:	80 91 6d 00 	lds	r24, 0x006D
    1508:	8f 5f       	subi	r24, 0xFF	; 255
    150a:	80 93 6d 00 	sts	0x006D, r24
			}
			if(Hour_Tick_Tens==9 && Hour_Tick_Units==9)
    150e:	80 91 6d 00 	lds	r24, 0x006D
    1512:	89 30       	cpi	r24, 0x09	; 9
    1514:	69 f4       	brne	.+26     	; 0x1530 <C_Down_Adjustments+0x66>
    1516:	80 91 6c 00 	lds	r24, 0x006C
    151a:	89 30       	cpi	r24, 0x09	; 9
    151c:	49 f4       	brne	.+18     	; 0x1530 <C_Down_Adjustments+0x66>
			{
				Hour_Tick_Tens = 9;
    151e:	89 e0       	ldi	r24, 0x09	; 9
    1520:	80 93 6d 00 	sts	0x006D, r24
				Hour_Tick_Units = 9;
    1524:	89 e0       	ldi	r24, 0x09	; 9
    1526:	80 93 6c 00 	sts	0x006C, r24
    152a:	02 c0       	rjmp	.+4      	; 0x1530 <C_Down_Adjustments+0x66>
			}
			while(!(PINB & (1<<PB1))){Enable_Up_Down();}
    152c:	0e 94 07 06 	call	0xc0e	; 0xc0e <Enable_Up_Down>
    1530:	e6 e3       	ldi	r30, 0x36	; 54
    1532:	f0 e0       	ldi	r31, 0x00	; 0
    1534:	80 81       	ld	r24, Z
    1536:	88 2f       	mov	r24, r24
    1538:	90 e0       	ldi	r25, 0x00	; 0
    153a:	82 70       	andi	r24, 0x02	; 2
    153c:	90 70       	andi	r25, 0x00	; 0
    153e:	00 97       	sbiw	r24, 0x00	; 0
    1540:	a9 f3       	breq	.-22     	; 0x152c <C_Down_Adjustments+0x62>
    1542:	f4 c0       	rjmp	.+488    	; 0x172c <C_Down_Adjustments+0x262>
		}

		else if(!(PINB & (1<<PB4)))	/*Minutes increment*/
    1544:	e6 e3       	ldi	r30, 0x36	; 54
    1546:	f0 e0       	ldi	r31, 0x00	; 0
    1548:	80 81       	ld	r24, Z
    154a:	88 2f       	mov	r24, r24
    154c:	90 e0       	ldi	r25, 0x00	; 0
    154e:	80 71       	andi	r24, 0x10	; 16
    1550:	90 70       	andi	r25, 0x00	; 0
    1552:	00 97       	sbiw	r24, 0x00	; 0
    1554:	59 f5       	brne	.+86     	; 0x15ac <C_Down_Adjustments+0xe2>
		{

			Min_Tick_Units++;
    1556:	80 91 6a 00 	lds	r24, 0x006A
    155a:	8f 5f       	subi	r24, 0xFF	; 255
    155c:	80 93 6a 00 	sts	0x006A, r24
			if(Min_Tick_Units==10)
    1560:	80 91 6a 00 	lds	r24, 0x006A
    1564:	8a 30       	cpi	r24, 0x0A	; 10
    1566:	39 f4       	brne	.+14     	; 0x1576 <C_Down_Adjustments+0xac>
			{
				Min_Tick_Units = 0;
    1568:	10 92 6a 00 	sts	0x006A, r1
				Min_Tick_Tens++;
    156c:	80 91 6b 00 	lds	r24, 0x006B
    1570:	8f 5f       	subi	r24, 0xFF	; 255
    1572:	80 93 6b 00 	sts	0x006B, r24
			}
			if(Min_Tick_Tens==5 && Min_Tick_Units == 9)
    1576:	80 91 6b 00 	lds	r24, 0x006B
    157a:	85 30       	cpi	r24, 0x05	; 5
    157c:	69 f4       	brne	.+26     	; 0x1598 <C_Down_Adjustments+0xce>
    157e:	80 91 6a 00 	lds	r24, 0x006A
    1582:	89 30       	cpi	r24, 0x09	; 9
    1584:	49 f4       	brne	.+18     	; 0x1598 <C_Down_Adjustments+0xce>
			{
				Min_Tick_Tens = 5;
    1586:	85 e0       	ldi	r24, 0x05	; 5
    1588:	80 93 6b 00 	sts	0x006B, r24
				Min_Tick_Units = 9;
    158c:	89 e0       	ldi	r24, 0x09	; 9
    158e:	80 93 6a 00 	sts	0x006A, r24
    1592:	02 c0       	rjmp	.+4      	; 0x1598 <C_Down_Adjustments+0xce>
			}
			while(!(PINB & (1<<PB4))){Enable_Up_Down();}
    1594:	0e 94 07 06 	call	0xc0e	; 0xc0e <Enable_Up_Down>
    1598:	e6 e3       	ldi	r30, 0x36	; 54
    159a:	f0 e0       	ldi	r31, 0x00	; 0
    159c:	80 81       	ld	r24, Z
    159e:	88 2f       	mov	r24, r24
    15a0:	90 e0       	ldi	r25, 0x00	; 0
    15a2:	80 71       	andi	r24, 0x10	; 16
    15a4:	90 70       	andi	r25, 0x00	; 0
    15a6:	00 97       	sbiw	r24, 0x00	; 0
    15a8:	a9 f3       	breq	.-22     	; 0x1594 <C_Down_Adjustments+0xca>
    15aa:	c0 c0       	rjmp	.+384    	; 0x172c <C_Down_Adjustments+0x262>
		}

		else if(!(PINB & (1<<PB6)))	/*Seconds increment*/
    15ac:	e6 e3       	ldi	r30, 0x36	; 54
    15ae:	f0 e0       	ldi	r31, 0x00	; 0
    15b0:	80 81       	ld	r24, Z
    15b2:	88 2f       	mov	r24, r24
    15b4:	90 e0       	ldi	r25, 0x00	; 0
    15b6:	80 74       	andi	r24, 0x40	; 64
    15b8:	90 70       	andi	r25, 0x00	; 0
    15ba:	00 97       	sbiw	r24, 0x00	; 0
    15bc:	59 f5       	brne	.+86     	; 0x1614 <C_Down_Adjustments+0x14a>
		{

			Sec_Tick_Units++;
    15be:	80 91 68 00 	lds	r24, 0x0068
    15c2:	8f 5f       	subi	r24, 0xFF	; 255
    15c4:	80 93 68 00 	sts	0x0068, r24
			if(Sec_Tick_Units==10)
    15c8:	80 91 68 00 	lds	r24, 0x0068
    15cc:	8a 30       	cpi	r24, 0x0A	; 10
    15ce:	39 f4       	brne	.+14     	; 0x15de <C_Down_Adjustments+0x114>
			{
				Sec_Tick_Units = 0;
    15d0:	10 92 68 00 	sts	0x0068, r1
				Sec_Tick_Tens++;
    15d4:	80 91 69 00 	lds	r24, 0x0069
    15d8:	8f 5f       	subi	r24, 0xFF	; 255
    15da:	80 93 69 00 	sts	0x0069, r24
			}
			if(Sec_Tick_Tens==5 && Sec_Tick_Units==9)
    15de:	80 91 69 00 	lds	r24, 0x0069
    15e2:	85 30       	cpi	r24, 0x05	; 5
    15e4:	69 f4       	brne	.+26     	; 0x1600 <C_Down_Adjustments+0x136>
    15e6:	80 91 68 00 	lds	r24, 0x0068
    15ea:	89 30       	cpi	r24, 0x09	; 9
    15ec:	49 f4       	brne	.+18     	; 0x1600 <C_Down_Adjustments+0x136>
			{
				Sec_Tick_Units=9;
    15ee:	89 e0       	ldi	r24, 0x09	; 9
    15f0:	80 93 68 00 	sts	0x0068, r24
				Sec_Tick_Tens=5;
    15f4:	85 e0       	ldi	r24, 0x05	; 5
    15f6:	80 93 69 00 	sts	0x0069, r24
    15fa:	02 c0       	rjmp	.+4      	; 0x1600 <C_Down_Adjustments+0x136>
			}
			while(!(PINB & (1<<PB6))){Enable_Up_Down();}
    15fc:	0e 94 07 06 	call	0xc0e	; 0xc0e <Enable_Up_Down>
    1600:	e6 e3       	ldi	r30, 0x36	; 54
    1602:	f0 e0       	ldi	r31, 0x00	; 0
    1604:	80 81       	ld	r24, Z
    1606:	88 2f       	mov	r24, r24
    1608:	90 e0       	ldi	r25, 0x00	; 0
    160a:	80 74       	andi	r24, 0x40	; 64
    160c:	90 70       	andi	r25, 0x00	; 0
    160e:	00 97       	sbiw	r24, 0x00	; 0
    1610:	a9 f3       	breq	.-22     	; 0x15fc <C_Down_Adjustments+0x132>
    1612:	8c c0       	rjmp	.+280    	; 0x172c <C_Down_Adjustments+0x262>
		}

		else if(!(PINB & (1<<PB0))) /*Hours decrement*/
    1614:	e6 e3       	ldi	r30, 0x36	; 54
    1616:	f0 e0       	ldi	r31, 0x00	; 0
    1618:	80 81       	ld	r24, Z
    161a:	88 2f       	mov	r24, r24
    161c:	90 e0       	ldi	r25, 0x00	; 0
    161e:	81 70       	andi	r24, 0x01	; 1
    1620:	90 70       	andi	r25, 0x00	; 0
    1622:	00 97       	sbiw	r24, 0x00	; 0
    1624:	31 f5       	brne	.+76     	; 0x1672 <C_Down_Adjustments+0x1a8>
		{

			Hour_Tick_Units--;
    1626:	80 91 6c 00 	lds	r24, 0x006C
    162a:	81 50       	subi	r24, 0x01	; 1
    162c:	80 93 6c 00 	sts	0x006C, r24
			if(Hour_Tick_Units == 255)
    1630:	80 91 6c 00 	lds	r24, 0x006C
    1634:	8f 3f       	cpi	r24, 0xFF	; 255
    1636:	99 f4       	brne	.+38     	; 0x165e <C_Down_Adjustments+0x194>
			{
				Hour_Tick_Units = 9;
    1638:	89 e0       	ldi	r24, 0x09	; 9
    163a:	80 93 6c 00 	sts	0x006C, r24
				Hour_Tick_Tens--;
    163e:	80 91 6d 00 	lds	r24, 0x006D
    1642:	81 50       	subi	r24, 0x01	; 1
    1644:	80 93 6d 00 	sts	0x006D, r24
				if(Hour_Tick_Tens == 255)
    1648:	80 91 6d 00 	lds	r24, 0x006D
    164c:	8f 3f       	cpi	r24, 0xFF	; 255
    164e:	39 f4       	brne	.+14     	; 0x165e <C_Down_Adjustments+0x194>
				{
					Hour_Tick_Units = 0;
    1650:	10 92 6c 00 	sts	0x006C, r1
					Hour_Tick_Tens = 0;
    1654:	10 92 6d 00 	sts	0x006D, r1
    1658:	02 c0       	rjmp	.+4      	; 0x165e <C_Down_Adjustments+0x194>
				}
			}
			while(!(PINB & (1<<PB0))){Enable_Up_Down();}
    165a:	0e 94 07 06 	call	0xc0e	; 0xc0e <Enable_Up_Down>
    165e:	e6 e3       	ldi	r30, 0x36	; 54
    1660:	f0 e0       	ldi	r31, 0x00	; 0
    1662:	80 81       	ld	r24, Z
    1664:	88 2f       	mov	r24, r24
    1666:	90 e0       	ldi	r25, 0x00	; 0
    1668:	81 70       	andi	r24, 0x01	; 1
    166a:	90 70       	andi	r25, 0x00	; 0
    166c:	00 97       	sbiw	r24, 0x00	; 0
    166e:	a9 f3       	breq	.-22     	; 0x165a <C_Down_Adjustments+0x190>
    1670:	5d c0       	rjmp	.+186    	; 0x172c <C_Down_Adjustments+0x262>
		}

		else if(!(PINB & (1<<PB3))) /*Minutes decrement*/
    1672:	e6 e3       	ldi	r30, 0x36	; 54
    1674:	f0 e0       	ldi	r31, 0x00	; 0
    1676:	80 81       	ld	r24, Z
    1678:	88 2f       	mov	r24, r24
    167a:	90 e0       	ldi	r25, 0x00	; 0
    167c:	88 70       	andi	r24, 0x08	; 8
    167e:	90 70       	andi	r25, 0x00	; 0
    1680:	00 97       	sbiw	r24, 0x00	; 0
    1682:	31 f5       	brne	.+76     	; 0x16d0 <C_Down_Adjustments+0x206>
		{

			Min_Tick_Units--;
    1684:	80 91 6a 00 	lds	r24, 0x006A
    1688:	81 50       	subi	r24, 0x01	; 1
    168a:	80 93 6a 00 	sts	0x006A, r24
			if(Min_Tick_Units == 255)
    168e:	80 91 6a 00 	lds	r24, 0x006A
    1692:	8f 3f       	cpi	r24, 0xFF	; 255
    1694:	99 f4       	brne	.+38     	; 0x16bc <C_Down_Adjustments+0x1f2>
			{
				Min_Tick_Units = 9;
    1696:	89 e0       	ldi	r24, 0x09	; 9
    1698:	80 93 6a 00 	sts	0x006A, r24
				Min_Tick_Tens--;
    169c:	80 91 6b 00 	lds	r24, 0x006B
    16a0:	81 50       	subi	r24, 0x01	; 1
    16a2:	80 93 6b 00 	sts	0x006B, r24
				if( Min_Tick_Tens == 255)
    16a6:	80 91 6b 00 	lds	r24, 0x006B
    16aa:	8f 3f       	cpi	r24, 0xFF	; 255
    16ac:	39 f4       	brne	.+14     	; 0x16bc <C_Down_Adjustments+0x1f2>
				{
					Min_Tick_Units = 0;
    16ae:	10 92 6a 00 	sts	0x006A, r1
					Min_Tick_Tens = 0;
    16b2:	10 92 6b 00 	sts	0x006B, r1
    16b6:	02 c0       	rjmp	.+4      	; 0x16bc <C_Down_Adjustments+0x1f2>
				}
			}
			while(!(PINB & (1<<PB3))){Enable_Up_Down();}
    16b8:	0e 94 07 06 	call	0xc0e	; 0xc0e <Enable_Up_Down>
    16bc:	e6 e3       	ldi	r30, 0x36	; 54
    16be:	f0 e0       	ldi	r31, 0x00	; 0
    16c0:	80 81       	ld	r24, Z
    16c2:	88 2f       	mov	r24, r24
    16c4:	90 e0       	ldi	r25, 0x00	; 0
    16c6:	88 70       	andi	r24, 0x08	; 8
    16c8:	90 70       	andi	r25, 0x00	; 0
    16ca:	00 97       	sbiw	r24, 0x00	; 0
    16cc:	a9 f3       	breq	.-22     	; 0x16b8 <C_Down_Adjustments+0x1ee>
    16ce:	2e c0       	rjmp	.+92     	; 0x172c <C_Down_Adjustments+0x262>
		}

		else if(!(PINB & (1<<PB5))) /*Seconds decrement*/
    16d0:	e6 e3       	ldi	r30, 0x36	; 54
    16d2:	f0 e0       	ldi	r31, 0x00	; 0
    16d4:	80 81       	ld	r24, Z
    16d6:	88 2f       	mov	r24, r24
    16d8:	90 e0       	ldi	r25, 0x00	; 0
    16da:	80 72       	andi	r24, 0x20	; 32
    16dc:	90 70       	andi	r25, 0x00	; 0
    16de:	00 97       	sbiw	r24, 0x00	; 0
    16e0:	29 f5       	brne	.+74     	; 0x172c <C_Down_Adjustments+0x262>
		{

			Sec_Tick_Units--;
    16e2:	80 91 68 00 	lds	r24, 0x0068
    16e6:	81 50       	subi	r24, 0x01	; 1
    16e8:	80 93 68 00 	sts	0x0068, r24
			if(Sec_Tick_Units == 255)
    16ec:	80 91 68 00 	lds	r24, 0x0068
    16f0:	8f 3f       	cpi	r24, 0xFF	; 255
    16f2:	99 f4       	brne	.+38     	; 0x171a <C_Down_Adjustments+0x250>
			{
				Sec_Tick_Units = 9;
    16f4:	89 e0       	ldi	r24, 0x09	; 9
    16f6:	80 93 68 00 	sts	0x0068, r24
				Sec_Tick_Tens--;
    16fa:	80 91 69 00 	lds	r24, 0x0069
    16fe:	81 50       	subi	r24, 0x01	; 1
    1700:	80 93 69 00 	sts	0x0069, r24
				if(Sec_Tick_Tens == 255)
    1704:	80 91 69 00 	lds	r24, 0x0069
    1708:	8f 3f       	cpi	r24, 0xFF	; 255
    170a:	39 f4       	brne	.+14     	; 0x171a <C_Down_Adjustments+0x250>
				{
					Sec_Tick_Tens = 0;
    170c:	10 92 69 00 	sts	0x0069, r1
					Sec_Tick_Units = 0;
    1710:	10 92 68 00 	sts	0x0068, r1
    1714:	02 c0       	rjmp	.+4      	; 0x171a <C_Down_Adjustments+0x250>
				}
			}
			while(!(PINB & (1<<PB5))){Enable_Up_Down();}
    1716:	0e 94 07 06 	call	0xc0e	; 0xc0e <Enable_Up_Down>
    171a:	e6 e3       	ldi	r30, 0x36	; 54
    171c:	f0 e0       	ldi	r31, 0x00	; 0
    171e:	80 81       	ld	r24, Z
    1720:	88 2f       	mov	r24, r24
    1722:	90 e0       	ldi	r25, 0x00	; 0
    1724:	80 72       	andi	r24, 0x20	; 32
    1726:	90 70       	andi	r25, 0x00	; 0
    1728:	00 97       	sbiw	r24, 0x00	; 0
    172a:	a9 f3       	breq	.-22     	; 0x1716 <C_Down_Adjustments+0x24c>
		}
	}
}
    172c:	cf 91       	pop	r28
    172e:	df 91       	pop	r29
    1730:	08 95       	ret

00001732 <Timer1_Stop_Watch>:

//setting the main timer in the stop watch
void Timer1_Stop_Watch(void)
{
    1732:	df 93       	push	r29
    1734:	cf 93       	push	r28
    1736:	cd b7       	in	r28, 0x3d	; 61
    1738:	de b7       	in	r29, 0x3e	; 62
	TCCR1A = 0x00;  //Setting all TCCR1A bits to 0
    173a:	ef e4       	ldi	r30, 0x4F	; 79
    173c:	f0 e0       	ldi	r31, 0x00	; 0
    173e:	10 82       	st	Z, r1
	TCCR1B = 0x0D;  //Setting bits: WGM12, CS12, CS10 to 1
    1740:	ee e4       	ldi	r30, 0x4E	; 78
    1742:	f0 e0       	ldi	r31, 0x00	; 0
    1744:	8d e0       	ldi	r24, 0x0D	; 13
    1746:	80 83       	st	Z, r24
	TCNT1 = 0x0000; //Setting initial counting high byte to 0
    1748:	ec e4       	ldi	r30, 0x4C	; 76
    174a:	f0 e0       	ldi	r31, 0x00	; 0
    174c:	11 82       	std	Z+1, r1	; 0x01
    174e:	10 82       	st	Z, r1
	OCR1A = 14500;  //Setting the compare value for 1sec increment, the correct value should be 15624
    1750:	ea e4       	ldi	r30, 0x4A	; 74
    1752:	f0 e0       	ldi	r31, 0x00	; 0
    1754:	84 ea       	ldi	r24, 0xA4	; 164
    1756:	98 e3       	ldi	r25, 0x38	; 56
    1758:	91 83       	std	Z+1, r25	; 0x01
    175a:	80 83       	st	Z, r24
	TIMSK = 0x10;	//Enables the Timer1 Output Compare A Match Interrupt
    175c:	e9 e5       	ldi	r30, 0x59	; 89
    175e:	f0 e0       	ldi	r31, 0x00	; 0
    1760:	80 e1       	ldi	r24, 0x10	; 16
    1762:	80 83       	st	Z, r24
}
    1764:	cf 91       	pop	r28
    1766:	df 91       	pop	r29
    1768:	08 95       	ret

0000176a <Ex_Interrupts>:

//setting external interrupts
void Ex_Interrupts(void)
{
    176a:	df 93       	push	r29
    176c:	cf 93       	push	r28
    176e:	cd b7       	in	r28, 0x3d	; 61
    1770:	de b7       	in	r29, 0x3e	; 62
	MCUCR = 0x0E; 		//Setting INT1 on rising edge and INT0 on falling edge
    1772:	e5 e5       	ldi	r30, 0x55	; 85
    1774:	f0 e0       	ldi	r31, 0x00	; 0
    1776:	8e e0       	ldi	r24, 0x0E	; 14
    1778:	80 83       	st	Z, r24
	MCUCSR &= ~(1<<6);	//Setting INT2 on falling edge
    177a:	a4 e5       	ldi	r26, 0x54	; 84
    177c:	b0 e0       	ldi	r27, 0x00	; 0
    177e:	e4 e5       	ldi	r30, 0x54	; 84
    1780:	f0 e0       	ldi	r31, 0x00	; 0
    1782:	80 81       	ld	r24, Z
    1784:	8f 7b       	andi	r24, 0xBF	; 191
    1786:	8c 93       	st	X, r24
	GICR = 0xE0; 		//Enable INT0..2
    1788:	eb e5       	ldi	r30, 0x5B	; 91
    178a:	f0 e0       	ldi	r31, 0x00	; 0
    178c:	80 ee       	ldi	r24, 0xE0	; 224
    178e:	80 83       	st	Z, r24
	SREG |= (1<<7); 	//General interrupts enable (I_bit)
    1790:	af e5       	ldi	r26, 0x5F	; 95
    1792:	b0 e0       	ldi	r27, 0x00	; 0
    1794:	ef e5       	ldi	r30, 0x5F	; 95
    1796:	f0 e0       	ldi	r31, 0x00	; 0
    1798:	80 81       	ld	r24, Z
    179a:	80 68       	ori	r24, 0x80	; 128
    179c:	8c 93       	st	X, r24
}
    179e:	cf 91       	pop	r28
    17a0:	df 91       	pop	r29
    17a2:	08 95       	ret

000017a4 <__vector_7>:

//timer interrupt
ISR(TIMER1_COMPA_vect)
{
    17a4:	1f 92       	push	r1
    17a6:	0f 92       	push	r0
    17a8:	0f b6       	in	r0, 0x3f	; 63
    17aa:	0f 92       	push	r0
    17ac:	11 24       	eor	r1, r1
    17ae:	2f 93       	push	r18
    17b0:	3f 93       	push	r19
    17b2:	8f 93       	push	r24
    17b4:	9f 93       	push	r25
    17b6:	df 93       	push	r29
    17b8:	cf 93       	push	r28
    17ba:	cd b7       	in	r28, 0x3d	; 61
    17bc:	de b7       	in	r29, 0x3e	; 62
	if(operation_Flag == 0)  //Condition for resume/pause buttons
    17be:	80 91 6f 00 	lds	r24, 0x006F
    17c2:	88 23       	and	r24, r24
    17c4:	b9 f5       	brne	.+110    	; 0x1834 <__vector_7+0x90>
	{
		if (Mode_Switch == 0)
    17c6:	80 91 6e 00 	lds	r24, 0x006E
    17ca:	88 23       	and	r24, r24
    17cc:	31 f4       	brne	.+12     	; 0x17da <__vector_7+0x36>
		{
			Sec_Tick_Units++;
    17ce:	80 91 68 00 	lds	r24, 0x0068
    17d2:	8f 5f       	subi	r24, 0xFF	; 255
    17d4:	80 93 68 00 	sts	0x0068, r24
    17d8:	2d c0       	rjmp	.+90     	; 0x1834 <__vector_7+0x90>
		}
		else if((Mode_Switch == 1 && !ZERO_Condition))
    17da:	80 91 6e 00 	lds	r24, 0x006E
    17de:	81 30       	cpi	r24, 0x01	; 1
    17e0:	49 f5       	brne	.+82     	; 0x1834 <__vector_7+0x90>
    17e2:	80 91 68 00 	lds	r24, 0x0068
    17e6:	28 2f       	mov	r18, r24
    17e8:	30 e0       	ldi	r19, 0x00	; 0
    17ea:	80 91 69 00 	lds	r24, 0x0069
    17ee:	88 2f       	mov	r24, r24
    17f0:	90 e0       	ldi	r25, 0x00	; 0
    17f2:	28 0f       	add	r18, r24
    17f4:	39 1f       	adc	r19, r25
    17f6:	80 91 6a 00 	lds	r24, 0x006A
    17fa:	88 2f       	mov	r24, r24
    17fc:	90 e0       	ldi	r25, 0x00	; 0
    17fe:	28 0f       	add	r18, r24
    1800:	39 1f       	adc	r19, r25
    1802:	80 91 6b 00 	lds	r24, 0x006B
    1806:	88 2f       	mov	r24, r24
    1808:	90 e0       	ldi	r25, 0x00	; 0
    180a:	28 0f       	add	r18, r24
    180c:	39 1f       	adc	r19, r25
    180e:	80 91 6c 00 	lds	r24, 0x006C
    1812:	88 2f       	mov	r24, r24
    1814:	90 e0       	ldi	r25, 0x00	; 0
    1816:	28 0f       	add	r18, r24
    1818:	39 1f       	adc	r19, r25
    181a:	80 91 6d 00 	lds	r24, 0x006D
    181e:	88 2f       	mov	r24, r24
    1820:	90 e0       	ldi	r25, 0x00	; 0
    1822:	82 0f       	add	r24, r18
    1824:	93 1f       	adc	r25, r19
    1826:	00 97       	sbiw	r24, 0x00	; 0
    1828:	29 f0       	breq	.+10     	; 0x1834 <__vector_7+0x90>
		{
				Sec_Tick_Units--;
    182a:	80 91 68 00 	lds	r24, 0x0068
    182e:	81 50       	subi	r24, 0x01	; 1
    1830:	80 93 68 00 	sts	0x0068, r24
		}
	}

}
    1834:	cf 91       	pop	r28
    1836:	df 91       	pop	r29
    1838:	9f 91       	pop	r25
    183a:	8f 91       	pop	r24
    183c:	3f 91       	pop	r19
    183e:	2f 91       	pop	r18
    1840:	0f 90       	pop	r0
    1842:	0f be       	out	0x3f, r0	; 63
    1844:	0f 90       	pop	r0
    1846:	1f 90       	pop	r1
    1848:	18 95       	reti

0000184a <__vector_1>:

//Reset
ISR(INT0_vect)
{
    184a:	1f 92       	push	r1
    184c:	0f 92       	push	r0
    184e:	0f b6       	in	r0, 0x3f	; 63
    1850:	0f 92       	push	r0
    1852:	11 24       	eor	r1, r1
    1854:	df 93       	push	r29
    1856:	cf 93       	push	r28
    1858:	cd b7       	in	r28, 0x3d	; 61
    185a:	de b7       	in	r29, 0x3e	; 62
	//resetting digits
	 Sec_Tick_Units  = 0;
    185c:	10 92 68 00 	sts	0x0068, r1
	 Sec_Tick_Tens   = 0;
    1860:	10 92 69 00 	sts	0x0069, r1
	 Min_Tick_Units  = 0;
    1864:	10 92 6a 00 	sts	0x006A, r1
	 Min_Tick_Tens   = 0;
    1868:	10 92 6b 00 	sts	0x006B, r1
	 Hour_Tick_Units = 0;
    186c:	10 92 6c 00 	sts	0x006C, r1
	 Hour_Tick_Tens  = 0;
    1870:	10 92 6d 00 	sts	0x006D, r1
}
    1874:	cf 91       	pop	r28
    1876:	df 91       	pop	r29
    1878:	0f 90       	pop	r0
    187a:	0f be       	out	0x3f, r0	; 63
    187c:	0f 90       	pop	r0
    187e:	1f 90       	pop	r1
    1880:	18 95       	reti

00001882 <__vector_2>:

//pause
ISR(INT1_vect)
{
    1882:	1f 92       	push	r1
    1884:	0f 92       	push	r0
    1886:	0f b6       	in	r0, 0x3f	; 63
    1888:	0f 92       	push	r0
    188a:	11 24       	eor	r1, r1
    188c:	8f 93       	push	r24
    188e:	df 93       	push	r29
    1890:	cf 93       	push	r28
    1892:	cd b7       	in	r28, 0x3d	; 61
    1894:	de b7       	in	r29, 0x3e	; 62
	operation_Flag = 1;
    1896:	81 e0       	ldi	r24, 0x01	; 1
    1898:	80 93 6f 00 	sts	0x006F, r24
}
    189c:	cf 91       	pop	r28
    189e:	df 91       	pop	r29
    18a0:	8f 91       	pop	r24
    18a2:	0f 90       	pop	r0
    18a4:	0f be       	out	0x3f, r0	; 63
    18a6:	0f 90       	pop	r0
    18a8:	1f 90       	pop	r1
    18aa:	18 95       	reti

000018ac <__vector_3>:

//resume
ISR(INT2_vect)
{
    18ac:	1f 92       	push	r1
    18ae:	0f 92       	push	r0
    18b0:	0f b6       	in	r0, 0x3f	; 63
    18b2:	0f 92       	push	r0
    18b4:	11 24       	eor	r1, r1
    18b6:	df 93       	push	r29
    18b8:	cf 93       	push	r28
    18ba:	cd b7       	in	r28, 0x3d	; 61
    18bc:	de b7       	in	r29, 0x3e	; 62
	operation_Flag = 0;
    18be:	10 92 6f 00 	sts	0x006F, r1
}
    18c2:	cf 91       	pop	r28
    18c4:	df 91       	pop	r29
    18c6:	0f 90       	pop	r0
    18c8:	0f be       	out	0x3f, r0	; 63
    18ca:	0f 90       	pop	r0
    18cc:	1f 90       	pop	r1
    18ce:	18 95       	reti

000018d0 <main>:
/*************************************************************************************************/
/*************************************************************************************************/

//MAIN_PROGRAM
int main()
{
    18d0:	df 93       	push	r29
    18d2:	cf 93       	push	r28
    18d4:	cd b7       	in	r28, 0x3d	; 61
    18d6:	de b7       	in	r29, 0x3e	; 62
	//PINs configuration
	Atmega32_pins();
    18d8:	0e 94 a3 05 	call	0xb46	; 0xb46 <Atmega32_pins>

	//Timer configuration
	Timer1_Stop_Watch();
    18dc:	0e 94 99 0b 	call	0x1732	; 0x1732 <Timer1_Stop_Watch>

	//interrupts configuration
	Ex_Interrupts();
    18e0:	0e 94 b5 0b 	call	0x176a	; 0x176a <Ex_Interrupts>

	//Main program loop
	while(1)
	{
		//Multiplexing displays
		Enable_Up_Down();
    18e4:	0e 94 07 06 	call	0xc0e	; 0xc0e <Enable_Up_Down>

		Buzzer_Check();
    18e8:	0e 94 92 09 	call	0x1324	; 0x1324 <Buzzer_Check>

		//Handling Overflow when vounting down until less than ZERO


		//Check mode
		Mode_Up_Down();
    18ec:	0e 94 de 05 	call	0xbbc	; 0xbbc <Mode_Up_Down>

		if (Mode_Switch == 0) //Count Up
    18f0:	80 91 6e 00 	lds	r24, 0x006E
    18f4:	88 23       	and	r24, r24
    18f6:	89 f4       	brne	.+34     	; 0x191a <main+0x4a>
		{
			//LEDs for mode indication
			PORTD |= (1<<PD4);
    18f8:	a2 e3       	ldi	r26, 0x32	; 50
    18fa:	b0 e0       	ldi	r27, 0x00	; 0
    18fc:	e2 e3       	ldi	r30, 0x32	; 50
    18fe:	f0 e0       	ldi	r31, 0x00	; 0
    1900:	80 81       	ld	r24, Z
    1902:	80 61       	ori	r24, 0x10	; 16
    1904:	8c 93       	st	X, r24
			PORTD &= ~(1<<PD5);
    1906:	a2 e3       	ldi	r26, 0x32	; 50
    1908:	b0 e0       	ldi	r27, 0x00	; 0
    190a:	e2 e3       	ldi	r30, 0x32	; 50
    190c:	f0 e0       	ldi	r31, 0x00	; 0
    190e:	80 81       	ld	r24, Z
    1910:	8f 7d       	andi	r24, 0xDF	; 223
    1912:	8c 93       	st	X, r24
			Digit_increment();
    1914:	0e 94 d7 09 	call	0x13ae	; 0x13ae <Digit_increment>
    1918:	e5 cf       	rjmp	.-54     	; 0x18e4 <main+0x14>
		}
		else if (Mode_Switch == 1)//Count Down
    191a:	80 91 6e 00 	lds	r24, 0x006E
    191e:	81 30       	cpi	r24, 0x01	; 1
    1920:	09 f7       	brne	.-62     	; 0x18e4 <main+0x14>
		{
			//LEDs for mode indication
			PORTD |= (1<<PD5);
    1922:	a2 e3       	ldi	r26, 0x32	; 50
    1924:	b0 e0       	ldi	r27, 0x00	; 0
    1926:	e2 e3       	ldi	r30, 0x32	; 50
    1928:	f0 e0       	ldi	r31, 0x00	; 0
    192a:	80 81       	ld	r24, Z
    192c:	80 62       	ori	r24, 0x20	; 32
    192e:	8c 93       	st	X, r24
			PORTD &= ~(1<<PD4);
    1930:	a2 e3       	ldi	r26, 0x32	; 50
    1932:	b0 e0       	ldi	r27, 0x00	; 0
    1934:	e2 e3       	ldi	r30, 0x32	; 50
    1936:	f0 e0       	ldi	r31, 0x00	; 0
    1938:	80 81       	ld	r24, Z
    193a:	8f 7e       	andi	r24, 0xEF	; 239
    193c:	8c 93       	st	X, r24

			//When pause
			if(operation_Flag == 1)
    193e:	80 91 6f 00 	lds	r24, 0x006F
    1942:	81 30       	cpi	r24, 0x01	; 1
    1944:	19 f4       	brne	.+6      	; 0x194c <main+0x7c>
			{
				C_Down_Adjustments();
    1946:	0e 94 65 0a 	call	0x14ca	; 0x14ca <C_Down_Adjustments>
    194a:	cc cf       	rjmp	.-104    	; 0x18e4 <main+0x14>
			}

			//When Resume
			else
			{
				Digit_decrement();
    194c:	0e 94 1b 0a 	call	0x1436	; 0x1436 <Digit_decrement>
    1950:	c9 cf       	rjmp	.-110    	; 0x18e4 <main+0x14>

00001952 <__prologue_saves__>:
    1952:	2f 92       	push	r2
    1954:	3f 92       	push	r3
    1956:	4f 92       	push	r4
    1958:	5f 92       	push	r5
    195a:	6f 92       	push	r6
    195c:	7f 92       	push	r7
    195e:	8f 92       	push	r8
    1960:	9f 92       	push	r9
    1962:	af 92       	push	r10
    1964:	bf 92       	push	r11
    1966:	cf 92       	push	r12
    1968:	df 92       	push	r13
    196a:	ef 92       	push	r14
    196c:	ff 92       	push	r15
    196e:	0f 93       	push	r16
    1970:	1f 93       	push	r17
    1972:	cf 93       	push	r28
    1974:	df 93       	push	r29
    1976:	cd b7       	in	r28, 0x3d	; 61
    1978:	de b7       	in	r29, 0x3e	; 62
    197a:	ca 1b       	sub	r28, r26
    197c:	db 0b       	sbc	r29, r27
    197e:	0f b6       	in	r0, 0x3f	; 63
    1980:	f8 94       	cli
    1982:	de bf       	out	0x3e, r29	; 62
    1984:	0f be       	out	0x3f, r0	; 63
    1986:	cd bf       	out	0x3d, r28	; 61
    1988:	09 94       	ijmp

0000198a <__epilogue_restores__>:
    198a:	2a 88       	ldd	r2, Y+18	; 0x12
    198c:	39 88       	ldd	r3, Y+17	; 0x11
    198e:	48 88       	ldd	r4, Y+16	; 0x10
    1990:	5f 84       	ldd	r5, Y+15	; 0x0f
    1992:	6e 84       	ldd	r6, Y+14	; 0x0e
    1994:	7d 84       	ldd	r7, Y+13	; 0x0d
    1996:	8c 84       	ldd	r8, Y+12	; 0x0c
    1998:	9b 84       	ldd	r9, Y+11	; 0x0b
    199a:	aa 84       	ldd	r10, Y+10	; 0x0a
    199c:	b9 84       	ldd	r11, Y+9	; 0x09
    199e:	c8 84       	ldd	r12, Y+8	; 0x08
    19a0:	df 80       	ldd	r13, Y+7	; 0x07
    19a2:	ee 80       	ldd	r14, Y+6	; 0x06
    19a4:	fd 80       	ldd	r15, Y+5	; 0x05
    19a6:	0c 81       	ldd	r16, Y+4	; 0x04
    19a8:	1b 81       	ldd	r17, Y+3	; 0x03
    19aa:	aa 81       	ldd	r26, Y+2	; 0x02
    19ac:	b9 81       	ldd	r27, Y+1	; 0x01
    19ae:	ce 0f       	add	r28, r30
    19b0:	d1 1d       	adc	r29, r1
    19b2:	0f b6       	in	r0, 0x3f	; 63
    19b4:	f8 94       	cli
    19b6:	de bf       	out	0x3e, r29	; 62
    19b8:	0f be       	out	0x3f, r0	; 63
    19ba:	cd bf       	out	0x3d, r28	; 61
    19bc:	ed 01       	movw	r28, r26
    19be:	08 95       	ret

000019c0 <_exit>:
    19c0:	f8 94       	cli

000019c2 <__stop_program>:
    19c2:	ff cf       	rjmp	.-2      	; 0x19c2 <__stop_program>
